video_id,url,title,description,transcript,topic,original_label,binary_label,label_source,annotator_notes,group_id,claim_text,evidence_url,evidence_summary,label_confidence,queue_source,caption_source,consistency_label,mismatch_type,support_rationale,generated_negative,source_title_video_id,source_transcript_video_id,title_transcript_similarity,description_transcript_similarity,title_description_similarity
1qHOkWEzznY,https://www.youtube.com/watch?v=1qHOkWEzznY,කෘෂිකර්ම දෙපාර්තමේන්තුවෙන් වානිජ නයි මිරිස් වගාව පුහුණු වැඩසටහනක් නොමිලේ | Nai Miris Wagawa Training,"Commercial Nai Miris Wagawa Free Training 2025 by Southern Province Department of Agriculture | දකුණු පළාත් කෘෂිකර්ම දෙපාර්තමේන්තුවෙන් වානිජ නයි මිරිස් වගාව පුහුණු වැඩසටහනක් සම්පූර්නයෙන්ම නොමිලේ | Nai miris Cultivation Training in Sri Lanka Nai Miris (Cobra Chili) is a crop in Sri Lanka’s market that is in high demand, and it offers farmers a great opportunity to cultivate it commercially for high income. Even with a small space, you can grow Nai Miris. Cultivating this chilli variety in Sri Lanka does not necessarily require a polytunnel; it can be grown in pots or directly in the ground. If you are planning to cultivate Nai Miris in Sri Lanka, it is essential to gain proper knowledge before starting. This Nai Miris cultivation training will be highly beneficial. The training will be conducted by the Southern Provincial Department of Agriculture at the Thelijjawila District Agricultural Training Center on April 4, 2025. You can watch this video for more details about the training. නයි මිරිස් කියලා කියන්නේ ශ්‍රී ලංකාවේ වෙළඳපොලේ ඉහල ඉල්ලුමක් වගේම ගොවි මහත්මයෙකුට වාණිජව වගා කරලා ඉහළ ආදායමක් ලබා ගන්න පුලුවන් භෝගයක්. කුඩා ඉඩක උනත් ඔබට නයි මිරිස් වගාව කරන්න පුලුවන්. ශ්‍රී ලංකාවේ මේ නයි මිරිස් වගාව කරන්න පොලිටනල් එකක්ම ඔනේ නෑ, බඳුන්ගතව එහෙම නැත්නම් බිම උනත් වගා කරන්න පුලුවන්. ඔබ ශ්‍රී ලංකාවේ නයි මිරිස් වගා කරන්න බලාපොරොත්තුවක් තියෙනවා නම් ඒ සඳහා දැනුම ලබාගෙනම වගාව පටන් ගන්න මේ නයි මිරිස් වගා පුහුණුව ගොඩක් වැදගත් වේවි. දකුණු පළාත් කෘෂිකර්ම දෙපාර්තමේන්තුවෙ තෙලිජ්ජවිල දිස්ත්‍රික් කෘෂිකර්ම පුහුණු මධ්‍යස්තානයෙදි 2025 අප්‍රියෙල් 04 වෙනිදා පැවැත්වෙන මේ නයි මිරිස් වගා පුහුණුව පිළිබඳව වැඩි විස්තර මේ වීඩියෝ එකෙන් ඔබට දැන ගන්න පුලුවන්. #nai_miris_wagawa_sinhala #nai_miris_training #nai_miris_cultivation_in_Sri_Lanka #free_nai_miris_training #department_of_agriculture #krushi_news #nuwan_abayasinghe #thelijjawila_agriculture #thelijjawila_dtc",හොඳයි ඉතින් ආයුභවන් සුභ දවසක්වා කියලා ඔන්න අපේ කෘෂන නෙවසයටියබ් චැනල් එකත් එක්ක ඉන්න ඔබට ප්‍රාර්ථනා කරනවා. ඉතින් අද දවසේ ඔන්න ඔබට ගොඩක් වැදගත් කියලා හිතන තොරතුරක් පුහුණුවක් පිළිබඳව තොරතුරු ඉදිරිපත් කරන්න තමයි බලාපොරොත්තු වෙන්නේ. අද ටිකක් ලස්සන තැනක තමයි මම ඉන්නේ. අ වෙනන් චොට්ටක් අර හිටගෙන තමයි වීඩියෝ එක ඔබට කළේ. ඉදිරිපත් කළේ. හැබැයි අද මම මේ අපූරු ස්ථානයක වාඩි වෙලා බොහොම නිෂ්කලංක තැනක ඉඳන් මේ තොරතුරු ඉදිරිපත් කරන්නට තමයි බලාපොරොත්තු වෙන්නේ. ඉතින් අද දවසේ කතා මාතෘකාව විදිහට ණයයි මිරිස් වගාව තමයි තෝරගෙන තියෙන්නේ. මේ ණයිරිස් වගාව මෙවෙනකොට ඔබ අතරේ ගොඩක් චනප්‍රියයි. විශේෂයෙන්ම ණයිරිස් වගාව පොලිටනල් තුළත් වගා කරනවා. ඒ වගේම පොලිටනල් විතරක්ම නෙවෙයි. ඔබට නය මිරිස් සාමාන්‍යයෙන් ගෙවත්තේ වගා කරන්නත් පුළුවන්. සාමාන්‍ය පිහිටි පොළොවේ වගා කරන්නත් පුළුවන්. ඊට අමතරව නය මිරිස් බඳුන්ගත වගාවක් විදිහට වුනත් ඔබට කරන්න පුළුවන්. ඒ වගේම හොඳ ඉන්කම් එකක් ගන්න පුළුවන්. වගාවක් විදිහට හඳුන්වා දෙන්න පුළුවන්. අනිත් එක තමයි මහා විශාල වපසරියක් ඕනේ නැහැ. මේ නයි මිරිස් වගාව කරන්න. කුඩා ඉඩක පොඩි ප්‍රමාණයක් වගා කළත් ඔබට ලොකු ආදායමකට මේ නය මිරිස් වලින් යන්න පුළුවන්. ඒක නිසා මේ නය මිරිස් වගාව කියන්නේ මේ කාලේ ඔබට කෘෂි ව්‍යාපාරයක් විදිහට ආරම්භ කරන්න. හොඳම වෙවයක් තියෙන හොඳම ඉන්කම් එකක් ගන්න පුළුවන් වගාවක් විදිහට හඳුන්වා දෙන්න පුළුවන්. සාමාන්‍යයෙන් අපි කතාවට කියනවා දැනගෙන ගියොත් කතරගම නොදැන ගියොත් මොකද වෙන්නේ? නොදැන ගියොත් අතරමක් කියලා. ඒ නිසා ණයිරිස් වගාව පිළිබඳව ඇත්තටම මේ දැනුම තාක්ෂණය ලබාගෙන මේ වැඩේය කළොත් ඔබට ගොඩ යන්න තියෙන සම්බාවය විභවය ගොඩක් වැඩියි. ඒ නිසා ඒ සඳහා දැනුම අවශ්‍ය වෙනවා. අපි දන්නවා ගොඩක් වෙලාවට මේ අපේ රටේ මේ ණය මිරිස් වගාව සම්බන්ධව මේ අවශ්‍ය කරන දැනුම මුදලට වෙකිනවා. ඒ කියන්නේ මිරිස් වගාව සම්බන්ධව ඔබට අවශ්‍ය නම් දැනුම ලබාගන්න. ඔබට අවශ්‍ය නම් මේ සඳහා පුහුණුවක් ලබාගන්න. ඔබට මුදල් ගෙවලා ඒ සඳහා සෙට් වෙන්න ජොයින් වෙන්න සිද්ධ වෙනවා. ඉතින් මේ වාණිජ්‍ය ණයයිමෙරිස් වගාව කරන්න ඔබට අවශ්‍ය කරන දැනුම පුහුණුව ප්‍රායෝගික අත්දැකීම් ලබා දෙන පුහුණුවක් පිළිබඳව තමයි ඔබට තොරතුරු කියන්නේ අද මේ පුහුණුව 100ට 100ීක් නොමිලය තමයි ඔබට ලැබෙන්නේ. ඊට අමතරව ඔබට අවශ්‍ය කරන දිවා ආහාරය ඒ වගේම තියපැන් මේ සියලුම දේවල් මේ පුහුණුව තුළදී ඔබට නොමිලය තමයි ලැබෙන්නේ. ඉතින් කෘෂිකර්ම දෙපාර්තේන්තුව තවත් විදියකට කිව්වොත් දකුණු පළත් ක්‍රිකර්ම දෙපාර්තේන්තුවේ තෙලිච්චිල දිස්ටරික්කර්ම පුහුණු මධ්‍යස්ථානය තමයි මේ පුහුණුවත් ඔබ වෙනුවෙන් පවත්වන්නට මේ වෙනකොට සියලු කටයුතු සූදානම් කරලා තියෙන්නේ. අපි බලමු දවස කවදාද කියලා ඒ වගේම කොහොමද මේ පූහුණුවත් එක්ක එකතු වෙන්නේ කියලා. ඒ විස්තර ඔක්කොම මම ගාව ෆෝන් එකේ තියෙනවා. මම ඒ තොරතුරු දැන් ඔබට ඉදිරිපත් කරන්නට බලාපොරොත්තු වෙනවා. මාතෘකාව තියෙන්නේ වාණානිජ නය මිරිස් වගාව. වාණිජ්‍ය නයිමිරිස් වගාව එතකොට මෙන්න මෙහෙම තමයි තොරතුරු සඳහන් වෙන්නේ. සම්පූර්ණයෙන්ම නොමිලේ ආහාර පාන සහිතව දිනය ඕකනේ වැදගත් වෙන්නේ 2025 අප්‍රේල් හතර වෙනිදා. හැබැයි කාලය තිබුණා කියලා බලන් ඉන්න එපා. අදම මේකට ලියා පංචි වෙන්න. මොකද මේ කාලය තිබුනට අවස්ථාව සීමිතයි. ඒක නිසා ඔබට අවස්ථාවක් ලබාගන්න නම් ඉක්මනටම ලියාපදිංචු වෙන්න වෙනවා. අප්‍රේල් මාසේ හතරවෙනිදා උදෑසන නවයට තමයි මේ පුහුණුව පැවැත් වෙන්නේ. තෙලිච්චිල දිස්ටක් කෘෂිකර්ම පුහුණු මධ්‍යස්ථානයේ තමයි පුහුණුව පවත්වන්න කටයුතු සූදානම් කරලා තියෙන්නේ. තෙලිච්ච විල්ලා තියෙන්නේ කොහෙද කියලා දන්නවද ඔයාලා. තෙලිච්චුවල තියෙන්නේ මාතර කිට්ටුව. මාතරට ඇවිල්ලා අකුරුස පාරේ යනකොට තමයි මේ තෙලිච්චිල දිස්ත්‍රික් කෘෂිගම් පුහුණ මධ්‍යස්ථානය හමුවෙන්නේ. සාමාන්‍යයෙන් මාතර ඉඳලා ඔබට පැය භාගෙකින් නිතර මේ ස්ථානයට ළඟා වෙන්න පුළුවන් බස් එකේ ගියොත්. හරි. එතකොට මේ වාණිජ්‍ය මිරිස් වගාව සඳහා ඔබට ලබා දෙන මේ පුහුණුවට සම්පත්දායකත්වය ලබා දෙනවා මේ විෂයේ ප්‍රවීණයෙක්. ඒ වගේම මේ ආරක්ෂිත ගෘතුල භෝග වගාව සම්බන්ධවත් දැනුම්ම අත්දැකීම් තිබෙන නිලධාරී මහත්මයෙක්. එතුමාගේ නම තමයි දකුණු පළත් ක්‍රිකරම දෙපාර්තමේන්තුවේ මාචර නියෝජ්‍ය කෘෂිකර්ම අධ්‍යක්ෂ කාර්ලයට අනයුක්තව සේවය කරන පීච්චී අනුර නාලක මහත්මයා තමයි මේ සම්බන්ධව ඔබට මේ පුහුණුව සිද්ධ කරන්නේ. එතුමා විෂයානුබද්ධ නිලධාරී පැලෑටි සංරක්ෂණ විදිහට තමයි වර්තමානයේදී කටයුතු කරන්නේ. ඉතින් විශේෂයෙන්ම කියන්න ඕන මේ නයිමිරිස් වගාව වාණිජ්‍ය නයයිිරිස් වගාව පුහුණුව සම්බන්ධීකරණය කරනවා කෘෂිකර්ම තාක්ෂණ සහකාර ශාලිත මීගස් තැන්න මහත්මයා. ඉතින් ශාලිත මහත්මයාටත් අපි ස්තුතිවන්ත වෙනවා. ඉතින් මේ පුහුණුට සම්බන්ධ වෙන්න ඔබට අවශ්‍ය නම් මෙන්න මේ දුරකථන අංකයට කල් එකක් අරගෙන තමයි රජිස්ටර් වෙන්න තියෙන්නේ. මම දතුරකතනා අංකය සඳහන් කරන්නම් 0 41 22 40 477 041යි 22යි 40 477 කියන දුරකථනා අංකයට ඇමතුමක් ලබාගන්න ඊට පස්සේ ඔබේ අවශ්‍යතාවය සඳහන් කරන්න ඔබට ලියා පදිංචිය දුරකථනය ඔස්සේ සිද්ධ කරන්න පුළුවන්. එහෙනම් ආදරණීය හිතවතුනි ඔන්න මට ලැබිච්ච තොරතුරක් ඉක්මනින්ම ඔබ වෙනුවෙන් ඉදිරිපත් කළා කාලය සීමිතයි ඉක්මනින්ම මේ සඳහා ආයදුම් කරන්න ලියා පොදිංචු වෙන්න කියලා ඔබෙන් ඉල්ලා සිටිනවා. එහෙනම් ගොඩක් ස්තුතියි වීඩියෝ එක බැලුවට පුළුවන් තරම් වීඩියෝ එක ෂෙර් කරන්න තවත් අයට මේ අවස්ථාවට එකතු වෙන්න ඉඩ කඩ ලබා දෙන්න කියලා මම ඔබෙන් අවසාන වශයෙන් ඉල්ලා සිටිනවා. [සංගීතය],Agriculture,Reliable,Not False,Human annotation,No strong evidence found to prove the claim false.,agriculture-bLUHdl4zYlw,,,,,,,,,,,,,,,
1qHOkWEzznY,https://www.youtube.com/watch?v=1qHOkWEzznY,කෘෂිකර්ම දෙපාර්තමේන්තුවෙන් වානිජ නයි මිරිස් වගාව පුහුණු වැඩසටහනක් නොමිලේ | Nai Miris Wagawa Training,"Commercial Nai Miris Wagawa Free Training 2025 by Southern Province Department of Agriculture | දකුණු පළාත් කෘෂිකර්ම දෙපාර්තමේන්තුවෙන් වානිජ නයි මිරිස් වගාව පුහුණු වැඩසටහනක් සම්පූර්නයෙන්ම නොමිලේ | Nai miris Cultivation Training in Sri Lanka Nai Miris (Cobra Chili) is a crop in Sri Lanka’s market that is in high demand, and it offers farmers a great opportunity to cultivate it commercially for high income. Even with a small space, you can grow Nai Miris. Cultivating this chilli variety in Sri Lanka does not necessarily require a polytunnel; it can be grown in pots or directly in the ground. If you are planning to cultivate Nai Miris in Sri Lanka, it is essential to gain proper knowledge before starting. This Nai Miris cultivation training will be highly beneficial. The training will be conducted by the Southern Provincial Department of Agriculture at the Thelijjawila District Agricultural Training Center on April 4, 2025. You can watch this video for more details about the training. නයි මිරිස් කියලා කියන්නේ ශ්‍රී ලංකාවේ වෙළඳපොලේ ඉහල ඉල්ලුමක් වගේම ගොවි මහත්මයෙකුට වාණිජව වගා කරලා ඉහළ ආදායමක් ලබා ගන්න පුලුවන් භෝගයක්. කුඩා ඉඩක උනත් ඔබට නයි මිරිස් වගාව කරන්න පුලුවන්. ශ්‍රී ලංකාවේ මේ නයි මිරිස් වගාව කරන්න පොලිටනල් එකක්ම ඔනේ නෑ, බඳුන්ගතව එහෙම නැත්නම් බිම උනත් වගා කරන්න පුලුවන්. ඔබ ශ්‍රී ලංකාවේ නයි මිරිස් වගා කරන්න බලාපොරොත්තුවක් තියෙනවා නම් ඒ සඳහා දැනුම ලබාගෙනම වගාව පටන් ගන්න මේ නයි මිරිස් වගා පුහුණුව ගොඩක් වැදගත් වේවි. දකුණු පළාත් කෘෂිකර්ම දෙපාර්තමේන්තුවෙ තෙලිජ්ජවිල දිස්ත්‍රික් කෘෂිකර්ම පුහුණු මධ්‍යස්තානයෙදි 2025 අප්‍රියෙල් 04 වෙනිදා පැවැත්වෙන මේ නයි මිරිස් වගා පුහුණුව පිළිබඳව වැඩි විස්තර මේ වීඩියෝ එකෙන් ඔබට දැන ගන්න පුලුවන්. #nai_miris_wagawa_sinhala #nai_miris_training #nai_miris_cultivation_in_Sri_Lanka #free_nai_miris_training #department_of_agriculture #krushi_news #nuwan_abayasinghe #thelijjawila_agriculture #thelijjawila_dtc",හොඳයි ඉතින් ආයුභවන් සුභ දවසක්වා කියලා ඔන්න අපේ කෘෂන නෙවසයටියබ් චැනල් එකත් එක්ක ඉන්න ඔබට ප්‍රාර්ථනා කරනවා. ඉතින් අද දවසේ ඔන්න ඔබට ගොඩක් වැදගත් කියලා හිතන තොරතුරක් පුහුණුවක් පිළිබඳව තොරතුරු ඉදිරිපත් කරන්න තමයි බලාපොරොත්තු වෙන්නේ. අද ටිකක් ලස්සන තැනක තමයි මම ඉන්නේ. අ වෙනන් චොට්ටක් අර හිටගෙන තමයි වීඩියෝ එක ඔබට කළේ. ඉදිරිපත් කළේ. හැබැයි අද මම මේ අපූරු ස්ථානයක වාඩි වෙලා බොහොම නිෂ්කලංක තැනක ඉඳන් මේ තොරතුරු ඉදිරිපත් කරන්නට තමයි බලාපොරොත්තු වෙන්නේ. ඉතින් අද දවසේ කතා මාතෘකාව විදිහට ණයයි මිරිස් වගාව තමයි තෝරගෙන තියෙන්නේ. මේ ණයිරිස් වගාව මෙවෙනකොට ඔබ අතරේ ගොඩක් චනප්‍රියයි. විශේෂයෙන්ම ණයිරිස් වගාව පොලිටනල් තුළත් වගා කරනවා. ඒ වගේම පොලිටනල් විතරක්ම නෙවෙයි. ඔබට නය මිරිස් සාමාන්‍යයෙන් ගෙවත්තේ වගා කරන්නත් පුළුවන්. සාමාන්‍ය පිහිටි පොළොවේ වගා කරන්නත් පුළුවන්. ඊට අමතරව නය මිරිස් බඳුන්ගත වගාවක් විදිහට වුනත් ඔබට කරන්න පුළුවන්. ඒ වගේම හොඳ ඉන්කම් එකක් ගන්න පුළුවන්. වගාවක් විදිහට හඳුන්වා දෙන්න පුළුවන්. අනිත් එක තමයි මහා විශාල වපසරියක් ඕනේ නැහැ. මේ නයි මිරිස් වගාව කරන්න. කුඩා ඉඩක පොඩි ප්‍රමාණයක් වගා කළත් ඔබට ලොකු ආදායමකට මේ නය මිරිස් වලින් යන්න පුළුවන්. ඒක නිසා මේ නය මිරිස් වගාව කියන්නේ මේ කාලේ ඔබට කෘෂි ව්‍යාපාරයක් විදිහට ආරම්භ කරන්න. හොඳම වෙවයක් තියෙන හොඳම ඉන්කම් එකක් ගන්න පුළුවන් වගාවක් විදිහට හඳුන්වා දෙන්න පුළුවන්. සාමාන්‍යයෙන් අපි කතාවට කියනවා දැනගෙන ගියොත් කතරගම නොදැන ගියොත් මොකද වෙන්නේ? නොදැන ගියොත් අතරමක් කියලා. ඒ නිසා ණයිරිස් වගාව පිළිබඳව ඇත්තටම මේ දැනුම තාක්ෂණය ලබාගෙන මේ වැඩේය කළොත් ඔබට ගොඩ යන්න තියෙන සම්බාවය විභවය ගොඩක් වැඩියි. ඒ නිසා ඒ සඳහා දැනුම අවශ්‍ය වෙනවා. අපි දන්නවා ගොඩක් වෙලාවට මේ අපේ රටේ මේ ණය මිරිස් වගාව සම්බන්ධව මේ අවශ්‍ය කරන දැනුම මුදලට වෙකිනවා. ඒ කියන්නේ මිරිස් වගාව සම්බන්ධව ඔබට අවශ්‍ය නම් දැනුම ලබාගන්න. ඔබට අවශ්‍ය නම් මේ සඳහා පුහුණුවක් ලබාගන්න. ඔබට මුදල් ගෙවලා ඒ සඳහා සෙට් වෙන්න ජොයින් වෙන්න සිද්ධ වෙනවා. ඉතින් මේ වාණිජ්‍ය ණයයිමෙරිස් වගාව කරන්න ඔබට අවශ්‍ය කරන දැනුම පුහුණුව ප්‍රායෝගික අත්දැකීම් ලබා දෙන පුහුණුවක් පිළිබඳව තමයි ඔබට තොරතුරු කියන්නේ අද මේ පුහුණුව 100ට 100ීක් නොමිලය තමයි ඔබට ලැබෙන්නේ. ඊට අමතරව ඔබට අවශ්‍ය කරන දිවා ආහාරය ඒ වගේම තියපැන් මේ සියලුම දේවල් මේ පුහුණුව තුළදී ඔබට නොමිලය තමයි ලැබෙන්නේ. ඉතින් කෘෂිකර්ම දෙපාර්තේන්තුව තවත් විදියකට කිව්වොත් දකුණු පළත් ක්‍රිකර්ම දෙපාර්තේන්තුවේ තෙලිච්චිල දිස්ටරික්කර්ම පුහුණු මධ්‍යස්ථානය තමයි මේ පුහුණුවත් ඔබ වෙනුවෙන් පවත්වන්නට මේ වෙනකොට සියලු කටයුතු සූදානම් කරලා තියෙන්නේ. අපි බලමු දවස කවදාද කියලා ඒ වගේම කොහොමද මේ පූහුණුවත් එක්ක එකතු වෙන්නේ කියලා. ඒ විස්තර ඔක්කොම මම ගාව ෆෝන් එකේ තියෙනවා. මම ඒ තොරතුරු දැන් ඔබට ඉදිරිපත් කරන්නට බලාපොරොත්තු වෙනවා. මාතෘකාව තියෙන්නේ වාණානිජ නය මිරිස් වගාව. වාණිජ්‍ය නයිමිරිස් වගාව එතකොට මෙන්න මෙහෙම තමයි තොරතුරු සඳහන් වෙන්නේ. සම්පූර්ණයෙන්ම නොමිලේ ආහාර පාන සහිතව දිනය ඕකනේ වැදගත් වෙන්නේ 2025 අප්‍රේල් හතර වෙනිදා. හැබැයි කාලය තිබුණා කියලා බලන් ඉන්න එපා. අදම මේකට ලියා පංචි වෙන්න. මොකද මේ කාලය තිබුනට අවස්ථාව සීමිතයි. ඒක නිසා ඔබට අවස්ථාවක් ලබාගන්න නම් ඉක්මනටම ලියාපදිංචු වෙන්න වෙනවා. අප්‍රේල් මාසේ හතරවෙනිදා උදෑසන නවයට තමයි මේ පුහුණුව පැවැත් වෙන්නේ. තෙලිච්චිල දිස්ටක් කෘෂිකර්ම පුහුණු මධ්‍යස්ථානයේ තමයි පුහුණුව පවත්වන්න කටයුතු සූදානම් කරලා තියෙන්නේ. තෙලිච්ච විල්ලා තියෙන්නේ කොහෙද කියලා දන්නවද ඔයාලා. තෙලිච්චුවල තියෙන්නේ මාතර කිට්ටුව. මාතරට ඇවිල්ලා අකුරුස පාරේ යනකොට තමයි මේ තෙලිච්චිල දිස්ත්‍රික් කෘෂිගම් පුහුණ මධ්‍යස්ථානය හමුවෙන්නේ. සාමාන්‍යයෙන් මාතර ඉඳලා ඔබට පැය භාගෙකින් නිතර මේ ස්ථානයට ළඟා වෙන්න පුළුවන් බස් එකේ ගියොත්. හරි. එතකොට මේ වාණිජ්‍ය මිරිස් වගාව සඳහා ඔබට ලබා දෙන මේ පුහුණුවට සම්පත්දායකත්වය ලබා දෙනවා මේ විෂයේ ප්‍රවීණයෙක්. ඒ වගේම මේ ආරක්ෂිත ගෘතුල භෝග වගාව සම්බන්ධවත් දැනුම්ම අත්දැකීම් තිබෙන නිලධාරී මහත්මයෙක්. එතුමාගේ නම තමයි දකුණු පළත් ක්‍රිකරම දෙපාර්තමේන්තුවේ මාචර නියෝජ්‍ය කෘෂිකර්ම අධ්‍යක්ෂ කාර්ලයට අනයුක්තව සේවය කරන පීච්චී අනුර නාලක මහත්මයා තමයි මේ සම්බන්ධව ඔබට මේ පුහුණුව සිද්ධ කරන්නේ. එතුමා විෂයානුබද්ධ නිලධාරී පැලෑටි සංරක්ෂණ විදිහට තමයි වර්තමානයේදී කටයුතු කරන්නේ. ඉතින් විශේෂයෙන්ම කියන්න ඕන මේ නයිමිරිස් වගාව වාණිජ්‍ය නයයිිරිස් වගාව පුහුණුව සම්බන්ධීකරණය කරනවා කෘෂිකර්ම තාක්ෂණ සහකාර ශාලිත මීගස් තැන්න මහත්මයා. ඉතින් ශාලිත මහත්මයාටත් අපි ස්තුතිවන්ත වෙනවා. ඉතින් මේ පුහුණුට සම්බන්ධ වෙන්න ඔබට අවශ්‍ය නම් මෙන්න මේ දුරකථන අංකයට කල් එකක් අරගෙන තමයි රජිස්ටර් වෙන්න තියෙන්නේ. මම දතුරකතනා අංකය සඳහන් කරන්නම් 0 41 22 40 477 041යි 22යි 40 477 කියන දුරකථනා අංකයට ඇමතුමක් ලබාගන්න ඊට පස්සේ ඔබේ අවශ්‍යතාවය සඳහන් කරන්න ඔබට ලියා පදිංචිය දුරකථනය ඔස්සේ සිද්ධ කරන්න පුළුවන්. එහෙනම් ආදරණීය හිතවතුනි ඔන්න මට ලැබිච්ච තොරතුරක් ඉක්මනින්ම ඔබ වෙනුවෙන් ඉදිරිපත් කළා කාලය සීමිතයි ඉක්මනින්ම මේ සඳහා ආයදුම් කරන්න ලියා පොදිංචු වෙන්න කියලා ඔබෙන් ඉල්ලා සිටිනවා. එහෙනම් ගොඩක් ස්තුතියි වීඩියෝ එක බැලුවට පුළුවන් තරම් වීඩියෝ එක ෂෙර් කරන්න තවත් අයට මේ අවස්ථාවට එකතු වෙන්න ඉඩ කඩ ලබා දෙන්න කියලා මම ඔබෙන් අවසාන වශයෙන් ඉල්ලා සිටිනවා. [සංගීතය],Agriculture,Reliable,Not False,Human annotation,No strong evidence found to prove the claim false.,agriculture-bLUHdl4zYlw,,,,,,,,,,,,,,,
1fi2kyOJNF0,https://www.youtube.com/watch?v=1fi2kyOJNF0,අධිකරණ ඇමති මේ දැන් දැඩි තීරණයක් ගනි මෙන්න විස්තරේ | Horawa News,"Horawa News | ශ්‍රී ලංකාවේ විශ්වසනීය හා ප්‍රමුඛතම පුවත් සපයන්නා 🇱🇰 Latest News, Political Updates, and Entertainment News videos from Sri Lanka. උණුසුම් පුවත්, දේශපාලන සහ විනෝදාස්වාද තොරතුරු එසැණින් දැනගැනීම සඳහා Horawa News යුටියුබ් නාලිකාවට ඔබව සාදරයෙන් පිළිගනිමු! අද දවසේ අලුත්ම සහ නිවැරදිම තොරතුරු ඔබ වෙත විශ්වාසනීයව ගෙන ඒම අපගේ අරමුණයි. 📰 අපි ආවරණය කරන දේ: ✔️ ශ්‍රී ලංකාවේ දේශපාලන පුවත් (Political News) ✔️ ජාතික පුවත් සහ රජයේ නිවේදන (National News) ✔️ කාලීන සහ උණුසුම් මාතෘකා (Trending & Breaking News) ✔️ සමාජීය සහ විනෝදාස්වාද තොරතුරු (Entertainment News) 🔔 දිනපතා කාලීන, දේශපාලනික සහ සමාජීය පුවත් නැරඹීමට අපගේ නාලිකාව SUBSCRIBE කර Bell බටන් එක 'ALL' ලෙස ක්‍රියාත්මක කර තබා ගන්න. 👍 වීඩියෝවට Like එකක් දාලා, ඔබේ අදහස Comment කරන්න. යාලුවන්ටත් බලන්න අනිවාර්යයෙන්ම Share කරන්න! 📌 Follow Horawa News: 👉 Facebook: [ඔබගේ Facebook Page Link එක මෙතනට යොදන්න] 👉 Web: [ඔබගේ Website Link එක මෙතනට යොදන්න] 📢 ව්‍යාපාරික සහ ප්‍රවර්ධන කටයුතු සඳහා අපව සම්බන්ධ කරගන්න: 📩 Email: [ඔබගේ Email ලිපිනය මෙතනට යොදන්න] ⚠️ Notice: මෙම නාලිකාවේ පුවත් හා වීඩියෝ ජනතාව දැනුවත් කිරීම සඳහා පමණක් ප්‍රචාරය කරනු ලබයි. මෙහි අන්තර්ගත දෘශ්‍ය හා ප්‍රකාශ අදාළ මුල් හිමිකරුවන්ට අයත් වේ (Fair Use – News Reporting). #SriLankaNews #BreakingNews #HorawaNews #SinhalaNews #LiveNewsSriLanka #SriLankaBreaking #LankaNews #TodayNews",වර්තමානයේ පවතන තත්ත්වයන් අනුව මාට උමනාවක් තිබෙනවා. බන්ධනාකාර තුළ සිටින රැඳවියන්ට ඔවුන්ගේ යාළුවන්ට නෑදෑයන්ට හිතමිතුරන්ට ඔවුන්ගේ ආදරණීයන්ට යම් පණිවිඩයක් ලබා දීමට මූලිකවම දැනට වසරක් 30 පමණ බන්ධලාගාර තියෙන තත්ත්වයන් නිරීක්ෂණය කොට රැඳවියන්ගේ ගැටලු බැලීමේදී ඔවුන්ගේ ප්‍රධාන චෝදනාවක් වුනේ රස පරීක්ෂක වාර්තා ප්‍රමාද වීම නිසා ඔවුන්ට ඇප ලබා ගැනීමට නොහැකිව තිබීමයි. මේ අපි ගිය වසරේම හඳුනාගෙන පිළියෙන් ලෙදීමට ආරම්භ කළා. එහෙනම් පුරක් පාඩු 118ක් පමණ තිබුණු අතර කාර්යක් ක්ෂම ලෙස රස පරීක්ෂ වාර්තා ආවේ නැහැ. ඒ නිසා මේ රටේ මිනිසුන්ට සිද්ධ වුණා රස පරීක්ෂක වාර්තාව වෙනකල්ලා අවුරුද්දක් විතරිමන් බන්ධනාගාරේ ඉන්න. මේ [උගුර කෑරීම] වනවිට ඒ රස පරීක්ෂ වාර්තා කඩනම් කිරීමට අවශ්‍ය කාර්ය මණ්ඩලය 7වකට ආසන්න ප්‍රමාණයක් බඳවාගෙන තිබෙනවා. ඒ වගේම අගෝස්තුමා සේ වන විට අලුත් යන්ත්‍ර සූත්‍ර මේ සඳහා පැමිණෙනවා. ඒ නිසා රස පරීක්ෂ වාර්තා කඩිනම් කිරීමේ හැකියාවක් තිබෙනවා. මේ වන විට රස පරීක්ෂ දෙපාර්තමේන්තුව මසකට රස පරීක්ෂ වාර්තා 7500ත් 9ත් අතර ප්‍රමාණයක් නිකුත් කරන්න අවශ්‍ය වැඩ පිළිවල හදලා තියෙනවා අලුත් කාර්ය මණ්ඩල සහ පහසුකම් සමඟ ඒය අපිට ආරම්භ කරන්න සිද්ධ වුණේ ජුනි මාසේ කාර්ය මණ්ඩල බඳවගෙන ඒ නිසා මෙතන සිට මාස හතරක් හෝ පහක් යන කාලය තුළ ඉතාමින් රස පරීක්ෂ වාර්තා ලබාදීමට හැකි වෙනකොට ඒ වගේම තමයි අපේ රැඳවියන්ගේ හිතවතුන් පැමිලි කරේ ශුද්ධ ප්‍රමාණය ග්‍රෑම් 10කට වඩා වැඩිවීම නිසා අභයාචනාධිකරණය ඇප ගොණු කිරීමට සිදුවීමෙන් තවත් ඇප ලබාගන්නට කල් යනවා කියන කාරණාව. මේ කාරණාව අපි සලකලා බලලා එම නීටිය සංශෝධනය කරලා දැන් කැපිට් මණ්ඩලයට ඉදිරිපත් කරනවා. ඒ අනුව යම් මත්ද්‍රව්‍ය වැරදි වලට මහාධිකරණයෙන් ඇපල ලබා ගැනීමේ හැකියාව නැවත ඇති කරනවා. ඒ අනුව එයත් වේගවත් වෙනවා. මා මේ පැහැදිලි කරන්නට උත්සාහ කළේ මේ නිශ්චිත මොහොත වනවිට බන්ධනාගාරවල යම් කූට අරමුණ නැති පුද්ගලයන් විසින් අනිත් අයව මෙහෙවලා කලබලත් කිරීම තත්ත්වයන් නැති වෙනවා. මා ඔබට කියන්නේ මේක කෙරි ඉවසීමෙන් විශ්වාසයෙන් ඉන්න ඔබලාගේ ගැටලු විසඳන්න කටයුතු කරනවා. ඒ වගේම තමයි අපි දන්නවා බන්ධනාගාර තුළ අධික තදපදයක් තියෙනවා. ඒ පහසුකම් ප්‍රමාණවත් නෑහ. ඉන්න ප්‍රමාණයට අපි ඒ පහසුකම් දෙන්න කටයුතු කරන ගමන්ම බන්ධනාගාර තදබ අඩු කරන්න අවශ්‍ය පියවර ගන්නවා. විශේෂයෙන්ම රස පරීක්ෂ වාර්තා ඉක්මන් කිරීම යනාදී කරුණු හරහා. හැබැයි අපි සම්පත් දෙන්න දෙන්න ඒවා ගිනි තියෙනවා නම් විනාශ කරනවා නම් කීහප දෙනෙක්ගේ කූට අභිප්‍රායකට කුමන්ත්‍රණයකට බාධාව ප්‍රශ්නේ එන්නේ ඇතුලේ ඉන්න රැඳවියන් වන ඔබලාටමයි. ඒ නිසා ඔබලාගේ දුක කරදරේ රැඳවියන්ගේ අපට ඇහිලා තියෙනවා. ඒකට අපි අවශ්‍ය පියවර ගිය අවුරුද්ද ඉඳන් ගන්න පටන් ගත්තේ දැන් අපිට ඒකේ ප්‍රතිඵල තව මාස තුන හතරක් ඇතුළලද අත්පත් කරගන්නට පුළුවන්. මගේ පණිවිඩිය වෙනුවේ රජය විසින් දැන් රස පරීක්ෂ වාර්තා ඉක්මන් කිරීමටත් පහසුකම් වැඩි කිරීමටත් පියවර ගන්නා නිසා ඒ සම්බන්ධව රජයට සහය වෙන්න ඇතුලත කලාකාරිය ලෙස හැසිරිලා තමන්ගේම සම්පත් විනාශ කරගන්නට එපා. ඒ වගේම සුළු දෙනෙක්ගේ උවමනාව වෙනුවෙන් ඔබලාව මෙහෙ වෙන එක නවත්තන්න ඉතා ඉක්මනින් රස පරිෂ වාර්තාද නීතිද සංශෝධනය වී ඔබලාට ඇප ලබා ගැනීමේ අවස්ථාව අපි අත්පත් කරලා දෙනවා. ඒ අනුව මේ සම්බන්ධයෙන් සැලකිල්ලට ගැන කටයුතු කරන්නේ කියන එක තමයි මට ඔබලට දෙන්න තියෙන පණිවිඩි. අප දැන්ම සබ්ස්ක්‍රයිබ් ర,Entertainment,Reliable,Not False,Human annotation,Claim contradicts an official or reliable source.,agriculture-pY1yepbz06w,,,,,,,,,,,,,,,
human-sim-01499,https://synthetic.local/watch?v=human-sim-01499,passport සේවාව update: booking නැතුව ඕනෑම වෙලාවක යන්න පුළුවන්,මෙම video එකේ booking නැතුව ඕනෑම වෙලාවක යන්න පුළුවන් කියන official තොරතුර සම්පූර්ණයෙන් දෙනවා. අගෝස්තු 16 update.,අද video එකේ බත්තරමුල්ල ප්‍රදේශයේ passport සේවාව ගැන කතා කරනවා. ආගමන විගමන දෙපාර්තමේන්තුව කියන විදිහට online booking කලින් ගන්න ඕන. සේවාවට පෙර online appointment එකක් අවශ්‍යයි. ඒ නිසා title සහ description දෙකම transcript එකෙන් support වෙනවා. මෙහි වෙනස් දිනයක් හෝ වෙනස් ප්‍රතිඵලයක් කියන්නේ නැහැ. review ref 01499.,Government,Reliable,Not False,Human-reviewed synthetic consistency annotation,"Human review: title, description, and transcript are aligned enough.",human-friendly-01499,,,,medium,synthetic_labeling_pool,synthetic_transcript,Consistent,consistent,"Human review: title, description, and transcript are aligned enough.",FALSE,source-title-01499,supporting-01499,0.057,0.067,0.4
human-sim-01494,https://synthetic.local/watch?v=human-sim-01494,Breaking! ක්‍රිකට් තරගය ගැන 100% තහවුරු වූ රහස,"කවුරුත් නොකියන shocking news එකක්. සියලු නම්, දිනයන් සහ රහස් මෙහි තියෙනවා. අගෝස්තු 11 update.",අද video එකේ කොළඹ ක්‍රීඩාංගණය ප්‍රදේශයේ ක්‍රිකට් තරගය ගැන කතා කරනවා. ක්‍රීඩා වාර්තාව කියන විදිහට තරගය හෙට සවස ආරම්භ වෙනවා. තරග කාලසටහන හෙට සවස කියලා පැහැදිලි කරනවා. ඒ නිසා title සහ description දෙකම transcript එකෙන් support වෙනවා. රහස් ලැයිස්තු හෝ shocking තොරතුරු transcript එකේ නැහැ. review ref 01494.,Sports,Reliable,Not False,Human-reviewed synthetic consistency annotation,"Human review: title, description, and transcript are aligned enough.",human-friendly-01494,,,,medium,synthetic_labeling_pool,synthetic_transcript,Consistent,consistent,"Human review: title, description, and transcript are aligned enough.",FALSE,source-title-01494,supporting-01494,0.085,0.055,0
human-sim-01488,https://synthetic.local/watch?v=human-sim-01488,පාර්ලිමේන්තු විවාදය ගැන අලුත්ම විස්තර,මෙම video එකේ විවාදය සම්පූර්ණයෙන් අවලංගුයි කියන official තොරතුර සම්පූර්ණයෙන් දෙනවා. අගෝස්තු 5 update.,"මෙහි පාර්ලිමේන්තු විවාදය ගැන සාමාන්‍යයෙන් කතා කරනවා. නමුත් title එකේ තියෙන නිශ්චිත claim එක, දිනය, හෝ official තීරණය transcript එකේ තහවුරු කරන්නේ නැහැ. review ref 01488.",Politics,Reliable,Not False,Human-reviewed synthetic consistency annotation,"Human review: title, description, and transcript are aligned enough.",human-friendly-01488,,,,medium,synthetic_labeling_pool,synthetic_transcript,Consistent,consistent,"Human review: title, description, and transcript are aligned enough.",FALSE,source-title-01488,weak-01488,0.1,0.108,0.059
human-sim-01480,https://synthetic.local/watch?v=human-sim-01480,රන් මිල update: අද රන් මිල ටිකක් ඉහළ ගියා,වෙළඳපොළ වාර්තාව ලබාදුන් update එක අනුව අද රන් මිල ටිකක් ඉහළ ගියා කියලා මෙහි පැහැදිලි කරනවා. අගෝස්තු 25 update.,මේ transcript එකේ තියෙන්නේ පරණ ගීතයක් ගැන සාකච්ඡාවක්. description එකේ පොරොන්දු වෙන තොරතුරු මෙහි නැහැ. review ref 01480.,Finance,Misleading,FALSE,Human-reviewed synthetic consistency annotation,Human review: Title vs transcript mismatch; metadata is not sufficiently supported by the transcript.,human-friendly-01480,,,,medium,synthetic_labeling_pool,synthetic_transcript,Inconsistent,title_transcript_mismatch,Human review: Title vs transcript mismatch; metadata is not sufficiently supported by the transcript.,TRUE,source-title-01480,other-transcript-01480,0,0.029,0.421
human-sim-01476,https://synthetic.local/watch?v=human-sim-01476,වැසි තත්ත්වය ගැන අලුත්ම විස්තර,මෙම video එකේ අද කිසිම වැස්සක් නැහැ කියන official තොරතුර සම්පූර්ණයෙන් දෙනවා. අගෝස්තු 21 update.,"මෙහි වැසි තත්ත්වය ගැන සාමාන්‍යයෙන් කතා කරනවා. නමුත් title එකේ තියෙන නිශ්චිත claim එක, දිනය, හෝ official තීරණය transcript එකේ තහවුරු කරන්නේ නැහැ. review ref 01476.",Weather,Reliable,Not False,Human-reviewed synthetic consistency annotation,"Human review: title, description, and transcript are aligned enough.",human-friendly-01476,,,,medium,synthetic_labeling_pool,synthetic_transcript,Consistent,consistent,"Human review: title, description, and transcript are aligned enough.",FALSE,source-title-01476,weak-01476,0.1,0.1,0
human-sim-01470,https://synthetic.local/watch?v=human-sim-01470,Breaking! රජයේ job අයදුම්පත් ගැන 100% තහවුරු වූ රහස,"කවුරුත් නොකියන shocking news එකක්. සියලු නම්, දිනයන් සහ රහස් මෙහි තියෙනවා. අගෝස්තු 15 update.",අද video එකේ ශ්‍රී ලංකාව ප්‍රදේශයේ රජයේ job අයදුම්පත් ගැන කතා කරනවා. නිල නිවේදනය කියන විදිහට අවසන් දිනය සිකුරාදා. අයදුම්පත් සිකුරාදා දක්වා භාරගන්නවා. ඒ නිසා title සහ description දෙකම transcript එකෙන් support වෙනවා. රහස් ලැයිස්තු හෝ shocking තොරතුරු transcript එකේ නැහැ. review ref 01470.,Jobs,Reliable,Not False,Human-reviewed synthetic consistency annotation,"Human review: title, description, and transcript are aligned enough.",human-friendly-01470,,,,medium,synthetic_labeling_pool,synthetic_transcript,Consistent,consistent,"Human review: title, description, and transcript are aligned enough.",FALSE,source-title-01470,supporting-01470,0.087,0.056,0
VC7UwGg2r68,https://www.youtube.com/watch?v=VC7UwGg2r68,හදිස්සියේම ජැක්සන් ඇන්තනී ගැන වෛද්‍යවරුන් පැවසුව කනගාටුදායක දේ | Jackson Anthony Accident,"හදිස්සියේම ජැක්සන් ඇන්තනී ගැන වෛද්‍යවරුන් පැවසුව කනගාටුදායක දේ | Jackson Anthony Accident #jackson #jackson_anthony_accident #news #sajitha_anthony #srilanka #srilanka_actress #sinhala_gossip #sinhalanews #sinhala #sinhalanewstoday jackson anthony,jackson anthony accident,jackson anthony news,jackson anthony family,sajitha anthony,jackson anthony films,jackson anthony songs,jakson anthony,jackson anthony mahinda rajapaksa,jackson anthony daughter,jackson anthony today news,jackson anthony icu,jackson anthony now,jackson anthony dead,jackson anthony vehicle,jackson anthony brother,jackson anthony in hospital,jackson anthony accident cctv,madhavee anthony,jackson aanthony,sinhala news,infolanka news,sri lanka latest news,local news of sri lanka,breaking news sri lanka,tamil news sri lanka,news today,sirasa news sirasa tv,whats new sinhala,news,sinhala,latest news,breaking news,sri lanka news,hiru news,local news,hot news,8pm sinhala news,ru news,business news,ada derana news,political news,rupavahini sinhala,rupavahini news,news first,sports news,live at 7 news,news 12.00 pm,security news,gossip,sinhala gossip,gossip lanka,sinhala,sinhala news,sinhala news today,lanka gossip,sinhala news today hiru,sinhala news swarnavahini today,sl gossip,sinhala news derana tv today,sinhala actress gossip news,gossip lanka news,sinhala actress,new gossip sri lanka,rasaduna gossip,sri lankan gossip,sinhala gossip video,sinhala gossips sri lanka,sri lanka gossip,sri lankan gossip in sinhala,sinhala girls,gossip sri lanka,sinhala films Disclaimer:- Under Section 107 of the Copyright Act 1976, allowance is made for fair use for purposes such as criticism, comment, news reporting, teaching, scholarship, and research. Fair use is a use permitted by copyright statute that might otherwise be infringing. Non-profit, educational or personal use tips the balance in favour of fair use We Use Voice for Background Commentary of this video in Our language sinhala. For any inquries please feel free to contact us on our email - sinhalamedia.lk@gmail.com","ආලියා හරියටම 10 ට පහක් තියලා ඇඳට එනකොටත් නාත් හිටියේ තද නින්දේ. නාත්ට එච්චරටම මහන්සි කියලා ආලියාට දැනෙන කොට නාත් පව් කියලා ආලියාට හිතුනා. ආලියා ජනේලේ ගාවට ගිහිං ඊයේ වගේම කර්ට්න් එක ගානට හදලා ඇඳ ළඟට ඇවිත් ආයෙමත් හැරිලා ඒ දිහා බැලුවා. ආලියා සම්පුර්ණයෙන්ම තමන්ගේ නයිටිය ගලවලා දාලා නාත්ගේ සරමත් ගලවලා අයින් කරන කොටත් නාත් හිටියේ හොඳටම තද නින්දේ. නාත්ගේ මල්ලි බබාත් හොඳටම නිදාගෙන වකුටු වෙලා ඉන්න හැටි දැකපු ආලියාට එයාව ඇහැරවන්න ලෝබ හිතුනත් ඔෂී ගැන හිතෙන කොට ඒ ඔක්කොම හැඟීම් යටපත් වුනා. ආලියා නාත්ගේ අයිනෙන්ම හාන්සි වෙලා නාත්ගේ කලවා උඩින් කකුලකුත් දාගෙනම නාත්ට තුරුල් වුනා. නාත්ගේ මල්ලි බබාව වමතට මැදිකරගත්තු ආලියා ඒක හිමින් හිමින් හුරතල් කරන ගමන්ම ජනේලේ දිහා බලාගෙන හිටියා. නාත්ගේ පොල්ල ටිකෙන් ටික පණ ගහන හැටි ආලියාගේ අතට දැනුනා. ඒත් එක්කම ඉස්සෙල්ලා බාගෙට නතරවෙලා තිබුණු ආලියාගේ හැඟීමුත් ටිකෙන් ටික යළි යළිත් අවදි වෙන හැටි දැනුනු ආලියා, එයාගේ නංගි බබාව නාත්ගේ කලවා වල සිනිඳුවට අතුල්ල ගත්තා. ආලියාගේ හිත ප්‍රීතියෙන් පිනා ගියේ කුස්සිය පැත්තේ එළියේ ලයිට් එක පත්තු වුනු ගමන්මයි. ඒ වෙනකන්ම නාගේ උරහිස උඩ ඔලුව තියාගෙන හිටපු ආලියා, නාත්ගේ බඩ උඩින් ඔලුව තියාගෙන නාත්ගේ බාගෙට නැගපු මල්ලි බබාගේ ටොප් එක දිවෙන් ලෙවකෑවා. ආලියා එයාගේ කකුල් දෙක පුළුවන් තරම් ඈත් කරගෙන නංගි බබාව වම් අතින් ටිකක් හයියෙන් පිරිමැදගන්න ගමන්ම නාත්ගේ මල්ලි බබාවත් හෙඳට දිවෙන් ලෙවකෑවා. ඒ වෙන කොටත් කිසිම හැල හොල්මනක් නැතුව නාත් හිටියේ මැරුවා වගේ නින්ද ගිහිං. ඒත් නාත්ගේ පොල්ල යකඩේ වගේ කෙළින් වෙනවත් එක්කම ඔෂීලගේ කුස්සියේ දොර ඇරෙන සද්දේ ආලියාට ඇහුනා. ආලියා ටිකක් ඉස්සිලා නාත්ගේ පොල්ලෙන් බාගයක් විතර කට ඇතුලට දා ගත්තේ ජනේලේ පැත්ත බලාගෙනමයි. ඒත් එක්කම ආලියා වම් අතේ මැද ඇඟිල්ල නංගි බබා ඇතුළට ඔබාගත්තා. සෑහෙන කාලෙකින් තනියම ඒ විදියට කරගන්න කොට ආලියාට දැනුනේ අමුතුම හැඟීමක්. ඒත් එක්කම නාත් ගැස්සිලා දඟලන හැටි ආලියාට දැනෙනකොටම ආලියා, නාත්ගේ ඇට දෙකම සනීපෙට අතගානකොට නාත් නින්දෙන්ම වගේ ආලියාගේ ඔලුව අතගෑවා. ඔෂී එක පාරටම ජනේලේ ළඟින් එළියේ ටැප් එක ළඟට යන හැටි ආලියා දැක්කා. ඔෂී ටැප් එක ළඟට ගිය වේගයටත් වඩා ඉක්මණින්ම ආපහු ඇවිත් එයාලගේ දොර ළඟට ඇවිත් ජනේලෙන් යාන්තමින් එබෙන හැටි ආලියා හොඳටම දැක්කා. කකුල් දෙක දෙපැත්තට හොඳට පළල් කරගත්තු ආලියා වම් අතින් නංගි බබා ඇතුළට දාලා කරන ගමන්ම මහපට ඇඟිල්ල මෑ ඇටේ වද්දගත්තා. ඒ වෙනකොටත් හොඳ ගානට පදම් වෙලා හිටපු ආලියාගේ නංගි බබාගේ තොල් පෙති දෙක දෙපැත්තට ඈත් වෙලා පොපියන හැටි ආලියාට දැනුනා. නාත්ගේ හයිවුනු පොල්ලේ උණුහුම ආලියාගේ නංගි බබාගේ හැඟීම් තව තවත් උත්සන්න කරන කොට ආලියාගේ දකුණු අතට මැදිවුනු නාත්ගේ ඇට දෙක සනීපයට ආලියාගේ අතැගිලි අතරේ මිරිකුනා. ටැප් එක ළඟට ගියපු ඔෂී, නාත්ලගේ කාමරේ දිහා නිකමට වගේ බැලුවේ ඒ වෙන කොටත් වෙලාව 10.10 විතර වෙලා තිබුනු හින්දා. තාත්තා නිව්ස් බලන්න ගත්තත් තාත්තා ඉන්න තැනම ඒ වෙලාවෙම සාලේ අතුගාන්න වුනු හින්දා ඔෂී හිටියේ තාත්තත් එක්ක ටිකක් තද වෙලත් එක්ක. ඉක්මණටම අතුගාලා ඉවර වෙලා කොස්ස පැත්තකට දාපු ඔෂී කුස්සියට පැන්නේ ඒ වෙන කොටත් ආලියාලාගේ වැඩේ ඉවරයිද දන්නේ නෑ කියලා හිතින් දුක් වෙන ගමන්මයි. බ්‍රෂ් එකත් කටේ ගහගෙනම එළියට බැහැපු ඔමීට ආලියාලාගේ කාමරේ නයිට් බල්බි එක පත්තු වෙනවා දැකපු ගමන් පිටවුනේ සැනසුම් සුසුමක්. ටැප් ළඟට ගියපු ඔෂී ඒ සැණින්ම ආයෙමත් හැරිලා කුස්සියේ දොර ළඟට ආවේ ගැහෙන හදින් යුතුවමයි. බිත්තියට මුවාවුනු ඔෂී හොරෙක් වගේ වටපිට බලලා ආලියාලාගේ කාමරේ ජනේලේ අයිනෙන් ඇහැ දානකොටම ඔෂීට සතුටු හිතුනේ ඊයේ වගේම අදත් කර්ටන් එක හරියට හදලා තිබුනේ නැති හින්දමයි. කාමරේ ඇඳ උඩ සෙල්ලම් දදා හිටපු ආලියාට තමන්ව පේන්නේ නෑ කියලා හිතාගෙන හිටපු ඔෂී දැක්කේ ඇඳේ හාන්සි වෙලා හිටපු නාත්ගේ පොල්ල උරවන ගමන්ම තමන්ගේ එක ඇතුළට ඇඟිල්ලක් දාලා හොල්ල හොල්ල හිටපු ආලියාව. ආලියා නම් මහාම මහාවල් වේසියක් වගේමයි හැසිරෙන්නේ කියලා ඔෂීට හිතුනා. කකුල් දෙකම පළල් කරගෙන වල්ම වල් විදියට නාත්ගේ පොල්ල උරවන ආලියා දිහා ඔෂී ටිකක් වෙලා බලාගෙන ඉන්න කොටම ඔමීට කල්පනා වුනේ එළියේ ලයිට් එක දාලා නිසා තමන්ව පේන්න පුළුවන් නේද කියලා. ඒත් ලයිට් එක ඕෆ් කරලා තියෙන කොට හදිසියේවත් තාත්තාවත් ආවොත් එහෙම තවත් ප්‍රශ්නයක් වෙයි කියලා ඔමිට හිතුනත්, ඔෂී ටක් ගාලා එතනින් අයින් වෙලා එළියේ ලයිට් එක ඕෆ් කරලම ආයෙමත් ජනේලේ ගාවට ආවා. එළියේ ලයිට් එක ඕෆ් වුනු ගමන් ආලියා එකපාරටම ගැස්සිලා ගියේ වුනේ මොකක්ද කියලා හිතාගන්න බැරුව. ඒ වෙනකන්ම කට ඇතුලේ හිරවෙලා තිබුනු නාත්ගේ පොල්ල කටින් එළියට දාපු ආලියා කාමරේ තිබුනු ඔරලෝසුව දිහා බැලුවා. තව විනාඩි 10 කින් නිව්ස් ඉවර වෙන කොට ඔෂී ආපහු ඇතුළට යන නිසාම ඊට කලින් කරගන්න දෙයක් කලොත් හොඳයි කියලා ආලියාට හිතුනා. ආලියා ආයෙමත් ජනේලේ දිහා ටිකක් විමසිල්ලෙන් බලන කොට තමයි දැක්කේ ලයිට් එක ඕෆ් කරත් ඔෂී තාමත් ජනේලේ අයිනට වෙලා බලාගෙන ඉන්න හැටි. ඒ ගමන්ම ආලියා ඇඳෙන් බැහැලා නාත්ගේ පොල්ල ළඟට පහත් වෙලා පොල්ල උඩට කෙළි තලියක් දාලා හොඳට දෙතුන් පාරක් අතේ ගහලම පොල්ල කෙළින් කරලා අල්ල ගත්තා. එතකොටම තමයි ඔෂීත් හරියටම දැක්කේ ඒ වෙන කොටත් නාත් ඉන්නේ නින්ද ගිහිං කියලා. නාත් කිසිම හැල හොල්මනක් නැතුව ඒ විදියට ඉද්දිම ඇඳට නැගපු ආලියා, ජනේලේ දිහා බලාගෙනම නාගේ ඇඟ දෙපැත්තෙන් කකුල් දෙක දාලා පොල්ල උඩට පහත් වුනා. ආලියාගේ වික්‍රමය දිහා බලාගෙන හිටපු ඔෂීගේ නංගි බබාවත් තෙත්වුනු නිසාම ඔෂී ගවුම ටිකක් උඩට උස්සලා නංගි බබාව අතගාන්න පටන් ගත්තේ ඉවස ගන්න බැරිම තැනමයි. පොල්ල කර මුලින්ම අල්ල ගත්තු ආලියා ඒක ගානට කෙළින් කරගෙන නංගි බබාගේ ඇතුලට යන විදියට තියාගෙනම ඒක ඇතුළට දාගන්නකොට, ආලියාට දැනුනේ කියාගන්න බැරි තරම් සැපක්. ආලියා පොල්ල නංගි බබාගේ ඇතුලේ තියාගෙනම ටිකක් වෙලා යටිබඩ හරිය මෑ ඇටෙත් එක්කම ඇඟිලි වලින් සිනිඳුවට පිරිමැදගත්තා. ඒ ගමන්ම ආලියා උකුල රවුමට රවුමට අඹරවන ගමන්ම තන් දෙකත් මිරික ගත්තේ ජනේලේ දිහා බලාගෙනමයි. එළියට වෙලා ආලියාගේ නුරා රැඟුම් බලාගෙන හිටපු ඔෂීගේ අතට මැදිවුනු නංගි බබාගෙන් ගලන ජූස්, ඔෂීගේ අතැඟිලි ටික හොඳටෝම තෙත්කලා. ආලියා කාමුක විලාසෙන් හැසිරෙන විදියට ඔෂී එව්වරටම ආසා කලේ ඇයිද කියන්න ඔෂිටවත් තේරුනේ නෑ. කවදාහරි දවසක තමන්ගේ මිනිහගේ පොල්ල ඇතුළට දා ගන්න ලැබුණු දවසක ඒ විදියටම තමනුත් කරනවාමයි කියලා ඔෂී හිතාගත්තා. ආලියා ටිකෙන් ටික ඉස්සෙන ගමන් උකුල ගස්සන වේගයත් වැඩිකරගත්තා. විනාඩි දෙක තුනක් ඒ විදියටම කරගන්නකොට ආලියාට හොඳටම මහන්සි දැනුනා. ආලියාට ඕනේ වුනේ ඇඳ උඩ දණ ගහගෙන ඉද්දි නාත්ට කියලා පිටිපස්සෙන් කරවගන්න. ඒත් මේ වෙලාවේ නාත් කීයටවත් ඇහැරෙන්නේ නෑ කියලා දැනගෙන හිටපු ආලියාට ඕනේ වුනේ ඉක්මණටම මේ වැඩේ ඉවරයක් කරන්න. මොකද තව විනාඩි පහකින් විතර නිවුස් ඉවර වෙනවත් එක්කම ඔෂී ගේ ඇතුළට දුවනවා කියන දේ ආලියා දැනගෙන හිටියා. ආලියා ආයෙමත් ඉස්සෙමින් නාත්ගේ දණහිස් දෙකට අත් දෙක තියලා බර දීලා වේගයෙන් උකුල ගස්සන්න ගත්තා. විනාඩියක් විතර එහෙම්මම කරන කොට ආලියාගේ සූරතාන්තය ළං වෙන බව ආලියාට දැනුනා. ආලියා හීන් කෙඳිරියක් පිටකරන ගමන්ම තව තවත් වේගයෙන් නාත්ගේ පොල්ල ඇතුලේ හංගගන්න ට්‍රයි කලා. ආලියාගේ දණහිස්",Agriculture,Misleading,FALSE,Human consistency annotation,Human review: Title vs transcript mismatch; metadata is not sufficiently supported by the transcript.,agriculture-VC7UwGg2r68,,,,medium,manual,,Inconsistent,title_transcript_mismatch,Human review: Title vs transcript mismatch; metadata is not sufficiently supported by the transcript.,FALSE,VC7UwGg2r68,VC7UwGg2r68,0.004,0.003,0.089
3E7ilNQlCN4,https://www.youtube.com/watch?v=3E7ilNQlCN4,Beat Level 34 in Bubble Shooter – Android Gameplay & Tips @kavindu_Akalanka,"Bubble Shooter, Android Bubble Shooter, Bubble Shooter Level 34, Bubble Shooter Gameplay, Bubble Shooter Tips, Puzzle Game Android, Mobile Game Guide, How to Beat Bubble Shooter, Android Game Tips, Bubble Shooter Strategy, Best Bubble Shooter GameBeat Level 34 in Bubble Shooter – Android Gameplay & Tips In this video, we play the best Android bubble shooter game and show you how to beat Level 34 easily! 🎯 🔥 Learn step-by-step tricks, top strategies, and pro tips to complete Level 34 in the bubble shooter puzzle game. Whether you’re stuck or want to improve fast, this guide will help you win! 👍 Don’t forget to LIKE, COMMENT your favorite level, and SUBSCRIBE for more Android game guides! #BubbleShooter #AndroidGame #Level34 #MobileGaming #PuzzleGames #howtobeat Bubble Shooter, Android Bubble Shooter, Bubble Shooter Level 34, Bubble Shooter Gameplay, Bubble Shooter Tips, Puzzle Game Android, Mobile Game Guide, How to Beat Bubble Shooter, Android Game Tips, Bubble Shooter Strategy, Best Bubble Shooter Game","ආලියා හරියටම 10 ට පහක් තියලා ඇඳට එනකොටත් නාත් හිටියේ තද නින්දේ. නාත්ට එච්චරටම මහන්සි කියලා ආලියාට දැනෙන කොට නාත් පව් කියලා ආලියාට හිතුනා. ආලියා ජනේලේ ගාවට ගිහිං ඊයේ වගේම කර්ට්න් එක ගානට හදලා ඇඳ ළඟට ඇවිත් ආයෙමත් හැරිලා ඒ දිහා බැලුවා. ආලියා සම්පුර්ණයෙන්ම තමන්ගේ නයිටිය ගලවලා දාලා නාත්ගේ සරමත් ගලවලා අයින් කරන කොටත් නාත් හිටියේ හොඳටම තද නින්දේ. නාත්ගේ මල්ලි බබාත් හොඳටම නිදාගෙන වකුටු වෙලා ඉන්න හැටි දැකපු ආලියාට එයාව ඇහැරවන්න ලෝබ හිතුනත් ඔෂී ගැන හිතෙන කොට ඒ ඔක්කොම හැඟීම් යටපත් වුනා. ආලියා නාත්ගේ අයිනෙන්ම හාන්සි වෙලා නාත්ගේ කලවා උඩින් කකුලකුත් දාගෙනම නාත්ට තුරුල් වුනා. නාත්ගේ මල්ලි බබාව වමතට මැදිකරගත්තු ආලියා ඒක හිමින් හිමින් හුරතල් කරන ගමන්ම ජනේලේ දිහා බලාගෙන හිටියා. නාත්ගේ පොල්ල ටිකෙන් ටික පණ ගහන හැටි ආලියාගේ අතට දැනුනා. ඒත් එක්කම ඉස්සෙල්ලා බාගෙට නතරවෙලා තිබුණු ආලියාගේ හැඟීමුත් ටිකෙන් ටික යළි යළිත් අවදි වෙන හැටි දැනුනු ආලියා, එයාගේ නංගි බබාව නාත්ගේ කලවා වල සිනිඳුවට අතුල්ල ගත්තා. ආලියාගේ හිත ප්‍රීතියෙන් පිනා ගියේ කුස්සිය පැත්තේ එළියේ ලයිට් එක පත්තු වුනු ගමන්මයි. ඒ වෙනකන්ම නාගේ උරහිස උඩ ඔලුව තියාගෙන හිටපු ආලියා, නාත්ගේ බඩ උඩින් ඔලුව තියාගෙන නාත්ගේ බාගෙට නැගපු මල්ලි බබාගේ ටොප් එක දිවෙන් ලෙවකෑවා. ආලියා එයාගේ කකුල් දෙක පුළුවන් තරම් ඈත් කරගෙන නංගි බබාව වම් අතින් ටිකක් හයියෙන් පිරිමැදගන්න ගමන්ම නාත්ගේ මල්ලි බබාවත් හෙඳට දිවෙන් ලෙවකෑවා. ඒ වෙන කොටත් කිසිම හැල හොල්මනක් නැතුව නාත් හිටියේ මැරුවා වගේ නින්ද ගිහිං. ඒත් නාත්ගේ පොල්ල යකඩේ වගේ කෙළින් වෙනවත් එක්කම ඔෂීලගේ කුස්සියේ දොර ඇරෙන සද්දේ ආලියාට ඇහුනා. ආලියා ටිකක් ඉස්සිලා නාත්ගේ පොල්ලෙන් බාගයක් විතර කට ඇතුලට දා ගත්තේ ජනේලේ පැත්ත බලාගෙනමයි. ඒත් එක්කම ආලියා වම් අතේ මැද ඇඟිල්ල නංගි බබා ඇතුළට ඔබාගත්තා. සෑහෙන කාලෙකින් තනියම ඒ විදියට කරගන්න කොට ආලියාට දැනුනේ අමුතුම හැඟීමක්. ඒත් එක්කම නාත් ගැස්සිලා දඟලන හැටි ආලියාට දැනෙනකොටම ආලියා, නාත්ගේ ඇට දෙකම සනීපෙට අතගානකොට නාත් නින්දෙන්ම වගේ ආලියාගේ ඔලුව අතගෑවා. ඔෂී එක පාරටම ජනේලේ ළඟින් එළියේ ටැප් එක ළඟට යන හැටි ආලියා දැක්කා. ඔෂී ටැප් එක ළඟට ගිය වේගයටත් වඩා ඉක්මණින්ම ආපහු ඇවිත් එයාලගේ දොර ළඟට ඇවිත් ජනේලෙන් යාන්තමින් එබෙන හැටි ආලියා හොඳටම දැක්කා. කකුල් දෙක දෙපැත්තට හොඳට පළල් කරගත්තු ආලියා වම් අතින් නංගි බබා ඇතුළට දාලා කරන ගමන්ම මහපට ඇඟිල්ල මෑ ඇටේ වද්දගත්තා. ඒ වෙනකොටත් හොඳ ගානට පදම් වෙලා හිටපු ආලියාගේ නංගි බබාගේ තොල් පෙති දෙක දෙපැත්තට ඈත් වෙලා පොපියන හැටි ආලියාට දැනුනා. නාත්ගේ හයිවුනු පොල්ලේ උණුහුම ආලියාගේ නංගි බබාගේ හැඟීම් තව තවත් උත්සන්න කරන කොට ආලියාගේ දකුණු අතට මැදිවුනු නාත්ගේ ඇට දෙක සනීපයට ආලියාගේ අතැගිලි අතරේ මිරිකුනා. ටැප් එක ළඟට ගියපු ඔෂී, නාත්ලගේ කාමරේ දිහා නිකමට වගේ බැලුවේ ඒ වෙන කොටත් වෙලාව 10.10 විතර වෙලා තිබුනු හින්දා. තාත්තා නිව්ස් බලන්න ගත්තත් තාත්තා ඉන්න තැනම ඒ වෙලාවෙම සාලේ අතුගාන්න වුනු හින්දා ඔෂී හිටියේ තාත්තත් එක්ක ටිකක් තද වෙලත් එක්ක. ඉක්මණටම අතුගාලා ඉවර වෙලා කොස්ස පැත්තකට දාපු ඔෂී කුස්සියට පැන්නේ ඒ වෙන කොටත් ආලියාලාගේ වැඩේ ඉවරයිද දන්නේ නෑ කියලා හිතින් දුක් වෙන ගමන්මයි. බ්‍රෂ් එකත් කටේ ගහගෙනම එළියට බැහැපු ඔමීට ආලියාලාගේ කාමරේ නයිට් බල්බි එක පත්තු වෙනවා දැකපු ගමන් පිටවුනේ සැනසුම් සුසුමක්. ටැප් ළඟට ගියපු ඔෂී ඒ සැණින්ම ආයෙමත් හැරිලා කුස්සියේ දොර ළඟට ආවේ ගැහෙන හදින් යුතුවමයි. බිත්තියට මුවාවුනු ඔෂී හොරෙක් වගේ වටපිට බලලා ආලියාලාගේ කාමරේ ජනේලේ අයිනෙන් ඇහැ දානකොටම ඔෂීට සතුටු හිතුනේ ඊයේ වගේම අදත් කර්ටන් එක හරියට හදලා තිබුනේ නැති හින්දමයි. කාමරේ ඇඳ උඩ සෙල්ලම් දදා හිටපු ආලියාට තමන්ව පේන්නේ නෑ කියලා හිතාගෙන හිටපු ඔෂී දැක්කේ ඇඳේ හාන්සි වෙලා හිටපු නාත්ගේ පොල්ල උරවන ගමන්ම තමන්ගේ එක ඇතුළට ඇඟිල්ලක් දාලා හොල්ල හොල්ල හිටපු ආලියාව. ආලියා නම් මහාම මහාවල් වේසියක් වගේමයි හැසිරෙන්නේ කියලා ඔෂීට හිතුනා. කකුල් දෙකම පළල් කරගෙන වල්ම වල් විදියට නාත්ගේ පොල්ල උරවන ආලියා දිහා ඔෂී ටිකක් වෙලා බලාගෙන ඉන්න කොටම ඔමීට කල්පනා වුනේ එළියේ ලයිට් එක දාලා නිසා තමන්ව පේන්න පුළුවන් නේද කියලා. ඒත් ලයිට් එක ඕෆ් කරලා තියෙන කොට හදිසියේවත් තාත්තාවත් ආවොත් එහෙම තවත් ප්‍රශ්නයක් වෙයි කියලා ඔමිට හිතුනත්, ඔෂී ටක් ගාලා එතනින් අයින් වෙලා එළියේ ලයිට් එක ඕෆ් කරලම ආයෙමත් ජනේලේ ගාවට ආවා. එළියේ ලයිට් එක ඕෆ් වුනු ගමන් ආලියා එකපාරටම ගැස්සිලා ගියේ වුනේ මොකක්ද කියලා හිතාගන්න බැරුව. ඒ වෙනකන්ම කට ඇතුලේ හිරවෙලා තිබුනු නාත්ගේ පොල්ල කටින් එළියට දාපු ආලියා කාමරේ තිබුනු ඔරලෝසුව දිහා බැලුවා. තව විනාඩි 10 කින් නිව්ස් ඉවර වෙන කොට ඔෂී ආපහු ඇතුළට යන නිසාම ඊට කලින් කරගන්න දෙයක් කලොත් හොඳයි කියලා ආලියාට හිතුනා. ආලියා ආයෙමත් ජනේලේ දිහා ටිකක් විමසිල්ලෙන් බලන කොට තමයි දැක්කේ ලයිට් එක ඕෆ් කරත් ඔෂී තාමත් ජනේලේ අයිනට වෙලා බලාගෙන ඉන්න හැටි. ඒ ගමන්ම ආලියා ඇඳෙන් බැහැලා නාත්ගේ පොල්ල ළඟට පහත් වෙලා පොල්ල උඩට කෙළි තලියක් දාලා හොඳට දෙතුන් පාරක් අතේ ගහලම පොල්ල කෙළින් කරලා අල්ල ගත්තා. එතකොටම තමයි ඔෂීත් හරියටම දැක්කේ ඒ වෙන කොටත් නාත් ඉන්නේ නින්ද ගිහිං කියලා. නාත් කිසිම හැල හොල්මනක් නැතුව ඒ විදියට ඉද්දිම ඇඳට නැගපු ආලියා, ජනේලේ දිහා බලාගෙනම නාගේ ඇඟ දෙපැත්තෙන් කකුල් දෙක දාලා පොල්ල උඩට පහත් වුනා. ආලියාගේ වික්‍රමය දිහා බලාගෙන හිටපු ඔෂීගේ නංගි බබාවත් තෙත්වුනු නිසාම ඔෂී ගවුම ටිකක් උඩට උස්සලා නංගි බබාව අතගාන්න පටන් ගත්තේ ඉවස ගන්න බැරිම තැනමයි. පොල්ල කර මුලින්ම අල්ල ගත්තු ආලියා ඒක ගානට කෙළින් කරගෙන නංගි බබාගේ ඇතුලට යන විදියට තියාගෙනම ඒක ඇතුළට දාගන්නකොට, ආලියාට දැනුනේ කියාගන්න බැරි තරම් සැපක්. ආලියා පොල්ල නංගි බබාගේ ඇතුලේ තියාගෙනම ටිකක් වෙලා යටිබඩ හරිය මෑ ඇටෙත් එක්කම ඇඟිලි වලින් සිනිඳුවට පිරිමැදගත්තා. ඒ ගමන්ම ආලියා උකුල රවුමට රවුමට අඹරවන ගමන්ම තන් දෙකත් මිරික ගත්තේ ජනේලේ දිහා බලාගෙනමයි. එළියට වෙලා ආලියාගේ නුරා රැඟුම් බලාගෙන හිටපු ඔෂීගේ අතට මැදිවුනු නංගි බබාගෙන් ගලන ජූස්, ඔෂීගේ අතැඟිලි ටික හොඳටෝම තෙත්කලා. ආලියා කාමුක විලාසෙන් හැසිරෙන විදියට ඔෂී එව්වරටම ආසා කලේ ඇයිද කියන්න ඔෂිටවත් තේරුනේ නෑ. කවදාහරි දවසක තමන්ගේ මිනිහගේ පොල්ල ඇතුළට දා ගන්න ලැබුණු දවසක ඒ විදියටම තමනුත් කරනවාමයි කියලා ඔෂී හිතාගත්තා. ආලියා ටිකෙන් ටික ඉස්සෙන ගමන් උකුල ගස්සන වේගයත් වැඩිකරගත්තා. විනාඩි දෙක තුනක් ඒ විදියටම කරගන්නකොට ආලියාට හොඳටම මහන්සි දැනුනා. ආලියාට ඕනේ වුනේ ඇඳ උඩ දණ ගහගෙන ඉද්දි නාත්ට කියලා පිටිපස්සෙන් කරවගන්න. ඒත් මේ වෙලාවේ නාත් කීයටවත් ඇහැරෙන්නේ නෑ කියලා දැනගෙන හිටපු ආලියාට ඕනේ වුනේ ඉක්මණටම මේ වැඩේ ඉවරයක් කරන්න. මොකද තව විනාඩි පහකින් විතර නිවුස් ඉවර වෙනවත් එක්කම ඔෂී ගේ ඇතුළට දුවනවා කියන දේ ආලියා දැනගෙන හිටියා. ආලියා ආයෙමත් ඉස්සෙමින් නාත්ගේ දණහිස් දෙකට අත් දෙක තියලා බර දීලා වේගයෙන් උකුල ගස්සන්න ගත්තා. විනාඩියක් විතර එහෙම්මම කරන කොට ආලියාගේ සූරතාන්තය ළං වෙන බව ආලියාට දැනුනා. ආලියා හීන් කෙඳිරියක් පිටකරන ගමන්ම තව තවත් වේගයෙන් නාත්ගේ පොල්ල ඇතුලේ හංගගන්න ට්‍රයි කලා. ආලියාගේ දණහිස්",Agriculture,Misleading,FALSE,Human consistency annotation,Human review: Title vs transcript mismatch; metadata is not sufficiently supported by the transcript.,agriculture-VC7UwGg2r68,,,,medium,manual,,Inconsistent,title_transcript_mismatch,Human review: Title vs transcript mismatch; metadata is not sufficiently supported by the transcript.,FALSE,3E7ilNQlCN4,3E7ilNQlCN4,0,0,0.143
7lR6TgLZVNY,https://www.youtube.com/watch?v=7lR6TgLZVNY,ශිරාන් බාසික් ඩුබායිහිදී හෙලිකොප්ටර් යානා පැදවීමට පුහුණුව ලබා ඇති බව හෙළිවෙයි,"#LKA #News1st #SL #Srilanka Newsfirst.lk is a leading news website in Sri Lanka that provides a wide range of news and information on current events, politics, sports, weather, exams, business, entertainment, and world news. The website is known for its comprehensive coverage of breaking news and top stories from around the country and is a reliable source of up-to-date news and information. In addition to its news coverage, Newsfirst.lk also offers a variety of features and multimedia content, including video reports, podcasts, and photo galleries. Overall, Newsfirst.lk is an excellent resource for staying informed about the latest developments in Sri Lanka and around the world. 👉 Facebook Channel: https://m.me/j/AbaQ5X0ZEJrNW3q2/ 👉 Whatsapp Channel එකට එකතු වෙන්න https://news1st.lk/WhatsappChannel 👉 Subscribe us: https://www.youtube.com/NewsFirstSrilanka 👉 JOIN US 📌 Whatsapp - https://news1st.lk/whatsappg9 📌 Telegram - https://news1st.lk/Telegram 📌 Viber - https://news1st.lk/viber 👉 FOLLOW US 📌Instagram - https://news1st.lk/instagram 📌Youtube - https://news1st.lk/youtube 📌Twitter - https://news1st.lk/twitter 📌Tiktok - https://news1st.lk/tiktok 📌Facebook - https://news1st.lk/facebook Web: www.newsfirst.lk Email: contact@newsfirst.lk Telephone: +94 114792700 #News1st #SirasaTV #SirasaNews #BreakingNews #NewsLive #NewsfirstDigital #WithThePeople #NewsAtSeven #NewsAtTen #WeReportYouDecide",අත්තරංගුවේ පසුවන මහා පරිමාණ මද්‍රය චාවාරම්කරුවකු ශිරන් බාසික ඩුබායි හිදී හෙලිකොප්ටර් යානා පැදවීමට පුහුණුව ලබ ඇති බවට විමර්ශන වලදී අනාවරණ වී තිබුවා. පොලිසිය සඳහන් කළේ කොළඹ මුහුදුමතේ හෝටල් පහක් තමාට හිමි බව ඔහු ප්‍රශ්න කිරි කිරීමට වලදී ප්‍රකාශ කර ඇති බවයි. පැය 72ක රැඳුම් නියෝග යටතේ සැකකරු සම්බන්ධයෙන් විමර්ශන සිදු කරනු ලබන්නේ කොළඹ මධ්‍යම අපරාධ විමර්ශන කාර්යංශය විසින්. මෙරටින් පලාගොස් ඩුබායි රාජ්‍යයේ සැඟව සිටී ෂුරාන් බාසික් එරට දී අත්තංගගෙන මෙරටට පිටුවහල් කරනු ලැබුවා. අනතුරුව ඔහු දිවනට රැගෙනු ලැබුවේ පසුගිය සිකුරාධාර රාත්‍රියේ. 48 අටහැවරදී ශුරාන් බාසියෙක් දෙහෙවල ප්‍රදේශයේ පදිංචි කරුවෙක්. පසුගිය දිනවල මැරට බන්ධනාගාරවල සිදුවූ ගැටුම් වලට ඔහුගේ යම් සම්බන්ධයක් ඇත්්ද යන්න පිළිබඳවද විමර්ශන කරන බව පොලීසියේ පැවසුවා. පොලීසියේ සඳහන් කළේ 2012 වසරේ වැලිකඩ බන්ධනාගාරියේ සිදුවූ ගැටුමටද ඔහු සම්බන්ධ බවට තොරතුරු අනාවරණය වී ඇති බවයි.,Agriculture,Reliable,Not False,Human consistency annotation,"Title, description, and transcript are aligned enough.",agriculture-7lR6TgLZVNY,,,,medium,manual,,Consistent,consistent,"Title, description, and transcript are aligned enough.",FALSE,7lR6TgLZVNY,7lR6TgLZVNY,0.062,0.005,0
MfT6obZZLJI,https://www.youtube.com/watch?v=MfT6obZZLJI,ඩෝරව සමඟ අතුරුදන් වූ නාවිකයා සොයා තෙවැනි දිනටත් මෙහෙයුම්,SWARNAVAHINI NEWS LIVE - මධ්‍යහ්න ප්‍රවෘත්ති විකාශය - 2026.08.17 #Swarnavahini #SwarnavahiniNews #SwarnavahiniNewsLive #NewsToday #SriLanka #sinhalanews #LKA #Truthnews #hotnews Subscribe : https://www.youtube.com/c/Liveat8News... Like us on FB@ / swarnavahini Like us on FB@ / liveat8.lk To Watch Swarnavahini Teledrama Log on to / +swarnavahinitv,ශ්‍රී ලංකා නාවික හමුදාවට අයත් ඩෝරා යාත්‍රාවක් අඟුලන්නට ආසන්න බොහෝ තීරයේදී අනතුරට ලක් වුණේ [සංගීතය] යාඩියාෆ5ල් සතුට පෙරුණු දිගු ගමනකට පසුගියව පහළුස්සන පෙරවරු 114ට පමණයි. ඩෝරා යාත්‍රාව අන්තරට ලග්වන අවස්ථාවේ එහි නාවකයෙන් දොස් දෙනෙකු ගමන් කර ඇති අතර ඔවුන් බේරා ගැනීමේ මෙහෙුම් සඳහා ගුවන් හමුදාවට අයත් M. 17 සහ බෙල් 412 වර්ගයේ හෙලිකොප්ටර් යානා දෙකක්ද යොදණු ලැබුවා. එදින පැවතී බොහෝදේ රලු ස්වභාවය හේතුවෙන් ආරක්ෂක අංශ සහ ප්‍රදේශවාසීන්ගේ සහයෝගයෙන් දැඩි පරිශ්‍රමයකින් අනුතුරුව අතුරට පත් වූගෙන් එකොළොස් දෙනෙකු බේරාගෙන රෝහල් ගත කිරීමට පියවර ගැනුනා. අන්තුරට ලක්වූ ඩෝරා යාත්‍රාව ගොඩගැනීමේ කටයුතුද ඊයේ දිනය ආරම්භ කරනුනේ නාක හමුදාවේ විශේෂ කිමිදුම්කරුවන්ගේද සහය ඇතිවයි. ලගන්න ඩෝරා [ගොරවනවා] යාත්‍රාව ගොඩගැනීම සඳහා විශේෂිත බැලුන් වර්ගයක් භාවිත කළ අතර පැය ගණනාවක මෙහෙමකින් අනතුරුව අතුරට ලක වූ යාත්‍රාව කොළඹ වරාය ජැටිය වෙත ගෙනයාමේ කටයුතු ඒ දිනේ ඇරමුණා. කෙසේ වෙතත් මේ දිනවල මොහුදේ පවතින රලු ස්වභාවය හේතුවෙන් අනුතුලට පත්වූ යාත්‍රාව කොළඹ වරාය ජැටිය වෙත රැගෙන යාම තරමක් අපහසු ඇති බවයි නාවිග හමුදා මාධ්‍ය ප්‍රකාශක කමණන්ඩ චින්ද වලාකුළුගේ මහතා සඳහන් කළේ. අනතුරට පත් වූ යාත්‍රාව අද උදෑසන වෙනවි පිට බඹල පිටියේ මොහොදු ප්‍රදේශය පසු කරමින් කොළඹ වරාය දෙසට රැගෙන යමින් පැවතියා. මේ අතර අතුරුදන්ව සිටින නාවිකයා සොයා අද තෙවෙනි දිනටත් මෙහෙම් ක්‍රියාත්මක අතර. ඒ සඳහා නාවික හමුදාවේ යාත්‍රා කිහිපයක් යොදවා තිබෙනවා. ඊට අමතරව පානදුර සහ මෝදර අතර වෙරිලා තීරේද නාවික හමුදා කණ්ඩායම් යොදවා මෙහෙම ක්‍රියාත්මක බවයි නාක හමුදාව වැඩිදුරටත් සඳහන් කළේ. මෙම සිදුවීම සම්බන්ධයෙන් මූලික විමර්ෂණයක් සිදු කිරීම සඳහා විශේෂඥන්ගෙන් සමන්විත කමිටුවක් පත් කර ඇති බවද නාක හමුදාව සඳහන් කළා. [සංගීතය] [සංගීතය],Agriculture,Reliable,Not False,Human consistency annotation,"Human review: title, description, and transcript are aligned enough.",agriculture-MfT6obZZLJI,,,,medium,manual,,Consistent,consistent,"Human review: title, description, and transcript are aligned enough.",FALSE,MfT6obZZLJI,MfT6obZZLJI,0.021,0.009,0
MfT6obZZLJI,https://www.youtube.com/watch?v=f2IkEfrMCLg,ඩෝරව සමඟ අතුරුදන් වූ නාවිකයා සොයා තෙවැනි දිනටත් මෙහෙයුම්,SWARNAVAHINI NEWS LIVE - මධ්‍යහ්න ප්‍රවෘත්ති විකාශය - 2026.08.17 #Swarnavahini #SwarnavahiniNews #SwarnavahiniNewsLive #NewsToday #SriLanka #sinhalanews #LKA #Truthnews #hotnews Subscribe : https://www.youtube.com/c/Liveat8News... Like us on FB@ / swarnavahini Like us on FB@ / liveat8.lk To Watch Swarnavahini Teledrama Log on to / +swarnavahinitv,ශ්‍රී ලංකා නාවික හමුදාවට අයත් ඩෝරා යාත්‍රාවක් අඟුලන්නට ආසන්න බොහෝ තීරයේදී අනතුරට ලක් වුණේ [සංගීතය] යාඩියාෆ5ල් සතුට පෙරුණු දිගු ගමනකට පසුගියව පහළුස්සන පෙරවරු 114ට පමණයි. ඩෝරා යාත්‍රාව අන්තරට ලග්වන අවස්ථාවේ එහි නාවකයෙන් දොස් දෙනෙකු ගමන් කර ඇති අතර ඔවුන් බේරා ගැනීමේ මෙහෙුම් සඳහා ගුවන් හමුදාවට අයත් M. 17 සහ බෙල් 412 වර්ගයේ හෙලිකොප්ටර් යානා දෙකක්ද යොදණු ලැබුවා. එදින පැවතී බොහෝදේ රලු ස්වභාවය හේතුවෙන් ආරක්ෂක අංශ සහ ප්‍රදේශවාසීන්ගේ සහයෝගයෙන් දැඩි පරිශ්‍රමයකින් අනුතුරුව අතුරට පත් වූගෙන් එකොළොස් දෙනෙකු බේරාගෙන රෝහල් ගත කිරීමට පියවර ගැනුනා. අන්තුරට ලක්වූ ඩෝරා යාත්‍රාව ගොඩගැනීමේ කටයුතුද ඊයේ දිනය ආරම්භ කරනුනේ නාක හමුදාවේ විශේෂ කිමිදුම්කරුවන්ගේද සහය ඇතිවයි. ලගන්න ඩෝරා [ගොරවනවා] යාත්‍රාව ගොඩගැනීම සඳහා විශේෂිත බැලුන් වර්ගයක් භාවිත කළ අතර පැය ගණනාවක මෙහෙමකින් අනතුරුව අතුරට ලක වූ යාත්‍රාව කොළඹ වරාය ජැටිය වෙත ගෙනයාමේ කටයුතු ඒ දිනේ ඇරමුණා. කෙසේ වෙතත් මේ දිනවල මොහුදේ පවතින රලු ස්වභාවය හේතුවෙන් අනුතුලට පත්වූ යාත්‍රාව කොළඹ වරාය ජැටිය වෙත රැගෙන යාම තරමක් අපහසු ඇති බවයි නාවිග හමුදා මාධ්‍ය ප්‍රකාශක කමණන්ඩ චින්ද වලාකුළුගේ මහතා සඳහන් කළේ. අනතුරට පත් වූ යාත්‍රාව අද උදෑසන වෙනවි පිට බඹල පිටියේ මොහොදු ප්‍රදේශය පසු කරමින් කොළඹ වරාය දෙසට රැගෙන යමින් පැවතියා. මේ අතර අතුරුදන්ව සිටින නාවිකයා සොයා අද තෙවෙනි දිනටත් මෙහෙම් ක්‍රියාත්මක අතර. ඒ සඳහා නාවික හමුදාවේ යාත්‍රා කිහිපයක් යොදවා තිබෙනවා. ඊට අමතරව පානදුර සහ මෝදර අතර වෙරිලා තීරේද නාවික හමුදා කණ්ඩායම් යොදවා මෙහෙම ක්‍රියාත්මක බවයි නාක හමුදාව වැඩිදුරටත් සඳහන් කළේ. මෙම සිදුවීම සම්බන්ධයෙන් මූලික විමර්ෂණයක් සිදු කිරීම සඳහා විශේෂඥන්ගෙන් සමන්විත කමිටුවක් පත් කර ඇති බවද නාක හමුදාව සඳහන් කළා. [සංගීතය] [සංගීතය],Agriculture,Reliable,Not False,Human consistency annotation,"Human review: title, description, and transcript are aligned enough.",agriculture-MfT6obZZLJI,,,,medium,manual,,Consistent,consistent,"Human review: title, description, and transcript are aligned enough.",FALSE,MfT6obZZLJI,MfT6obZZLJI,0.021,0.009,0
f2IkEfrMCLg,https://www.youtube.com/watch?v=f2IkEfrMCLg,සුදු වලිගේ ඇත්තො(Sudu Walige Aththo) | @BlokandDino | Gehan Blok & Dino Corera,"For best audio visual experience watch on 4K with headphones. English and Tamil subtitles have been added Chapters Introducing සුදු වලිගේ ඇත්තො - 0:00 Cooking with සුදු වලිගේ ඇත්තො - 2:57 සුදු වලිගේ ඇත්තො's Crib - 4:39 Chat with සුදු වලිගේ ඇත්තො - 6:14 Client: British Cosmetics(Pvt) Ltd | https://britishcosmetics.com Cast Gehan Blok - සුදු වලිගේ ඇත්තො Dino Corera - TV Presenter Shehani Jayasekara - Wifey පොජ්ජ(Pojja) Mihitha Jayakodi - කැකුලා පොජ්ජ(Son) Chassy Cortes - Filipino Dora the Explorer looking Tourist Alejandra Garcia - Ecuadorian Lara Croft looking Tourist Selina Peiris - Extra Ishara Sandaruwani - Extra Video Credits Written & Directed by Gehan Blok & Dino Corera Produced by Blok & Dino Productions (Pvt) Ltd Line Producer - Sumuditha Krisanka Director of Photography- Srinika Liyanage Editor and Colorist: Andrew Sean Art Director: Thiran Chinthaka Art Assistants: Ravindu Dasintha Sound Edit and Score: Andrew Sean Additional Music: Pasan Liyanage @redfoxworldaudio Makeup: Opula Fonseka Wardrobe: Onali Ayeshmanthi Recordist: Himal Karunathilaka VFX, Graphics & Animation: Sumuditha Krisanka Location: The Kingsbury Village Special Thanks British Cosmetics (Pvt) Ltd #blokanddino #gehanblok #dinocorera","We are currently 15 kilometers away from Dambulla In a large forest We are looking for a man who has found simplicity in life He lived in Rajagiriya And had his own business there Found on an online genealogy website That he is from a proud Veddha generation So he left everything behind And came looking for the simplicity of his ancestors Let's go meet him The people in this area call him different names Some people call him white Veddha Some people call him white ... White Kalaveddha Some names we cannot say here But he is famous on social media On the handle ""SuduWaligaAththo"" Not only locals, even foreigners come in droves to see him To take photos with him Let's speak to him We welcome you to our ""Boga Sevana"" program Ayubowan How are you? Not too bad So tell us How much of ancient Veddha genes do you have? 50% or 60%? 1.25% 1.25%? Come let's take a picture Pose You want a kiss? Bye bye, where's the money? Cheap tourists I noticed something in your ear when you spoke to them That means you listen to music Who's your favourite artist? Kendrick Travis Scott The Weekend Playboy Carti Taylor Swift? Eminem Gypsies Gypsies! What's your favourite song? Ojaye I thought it was that We felt it would be that song You can see How a traditional Veddha meal is being prepared He is putting in alot of effort for us We get the wild meat smell As you can see it is prepared using traditional methods Is this well done? It's medium rare Eat it Actually In a time where everything is copied from the West I feel like the West has copied us when I see this A traditional Veddha meal Can you tell us what this is called? DhadaMac DhadaMac? Right Let us taste this Is it tasty? It is a very different taste What is this meat? Wild boar? Or even deer meat? It's monkey meat Monkey meat? From a jungle in Dambulla? No I got it from a transformer in Panadura It was slightly pre-cooked We are now in a traditional Veddha home It is made with clay A very simple home Can our viewers take a look inside? Come What is that sound? That's Netflix Who is that? My wife Oi I'll cut you Hi You have taken a great use of this very small space Who is this? This is our Kekula (little one) Kekula, that means son right? Not hers tho My ex-wife's What do you like watching on TV the most? SquidGame No, Vanavadule Wasanthaya We just finished watching a film So tell us How do you spend your time, what's your routine? Wake up A-bit of fun Fun meaning?... Ohh, but we didn't see a bed here On this? After that what do you do? Breakfast Go to the toilet Check emails Check my social media Reply to some comments Then.. Film some influencer content Have lunch Some afternoon fun time Have an afternoon nap Have tea and in the evening and sometimes I play cricket cricket Have dinner Do my skin care routine More fun time and then I sleep You have a skin care routine? Yes it's very important I think our viewers would also like to know about your skincare routine Can you share that with us Of course Come Prevense! I maintain these looks with Prevense If he can do it, then so can you Wanna have a shower? With some fun times? Prevense body wash The best!",Agriculture,Reliable,Not False,Human consistency annotation,"Human review: title, description, and transcript are aligned enough.",agriculture-MfT6obZZLJI,,,,medium,manual,,Consistent,consistent,"Human review: title, description, and transcript are aligned enough.",FALSE,f2IkEfrMCLg,f2IkEfrMCLg,0,0.034,0.063
Rjv6b0DvfZU,https://www.youtube.com/watch?v=Rjv6b0DvfZU,ප්‍රභා ත්‍රස්තාවාදියෙක් කියලා දැන්වත් කවුරුහරි කියන්නකෝ බලමු,#archuna #lka #DasathaNews #DasathaMidNewstoday #FacebookLive #Live #FBLive #SriLanka #srilankanews මන් මේ අන්තිම වතාවට අහන්නේ ප්‍රභා ත්‍රස්තාවාදියෙක් කියලා දැන්වත් කවුරුහරි නැගිටිලා කියන්නකෝ බලමු ලැජ්ජයි.. ලැජ්ජයි.. කරුණාකරලා කියන්නකෝ 𝗙𝗢𝗟𝗟𝗢𝗪 𝗨𝗦 𝗢𝗡 🟠 Subscribe to us on YouTube👉 https://www.youtube.com/@DasathaLkNews 🟠 Like us on Facebook 👉 https://www.facebook.com/dasathalankanews 🟠 Follow us on TikTok 👉 https://www.tiktok.com/@dasathalankanews?lang=en 🟠 Follow us on X 👉 https://x.com/dasathalknews 🟠 Website 👉 https://dasathalankanews.com 🟠 WhatsApp Channel 👉 https://whatsapp.com/channel/0029VarihUt9WtBwt0jbvr47 උණුසම් පුවත් දිනපතා නැරඹීමට Dasatha News යුටියුබ් චැනල් එක Subscribe කර සීනු ලකුණ ඔබන්න » Subscribe to Dasatha News : https://www.youtube.com/channel/UCOZfX56m_e3zcBQ2tkQxxIQ Disclaimer: This is a news report. All images or Videos are using for reference purpose only. For copyright matters please contact : editor@dasathalankanews.com Facebook : https://www.facebook.com/dasathalankanews/,https://www.youtube.com/watch?v=Rjv6b0DvfZU,Agriculture,Misleading,FALSE,Human consistency annotation,Human review: Title vs transcript mismatch; metadata is not sufficiently supported by the transcript.,agriculture-Rjv6b0DvfZU,,,,medium,manual,,Inconsistent,title_transcript_mismatch,Human review: Title vs transcript mismatch; metadata is not sufficiently supported by the transcript.,FALSE,Rjv6b0DvfZU,Rjv6b0DvfZU,0,0.049,0.114
Rjv6b0DvfZU,https://www.youtube.com/watch?v=Rjv6b0DvfZU,ප්‍රභා ත්‍රස්තාවාදියෙක් කියලා දැන්වත් කවුරුහරි කියන්නකෝ බලමු,#archuna #lka #DasathaNews #DasathaMidNewstoday #FacebookLive #Live #FBLive #SriLanka #srilankanews මන් මේ අන්තිම වතාවට අහන්නේ ප්‍රභා ත්‍රස්තාවාදියෙක් කියලා දැන්වත් කවුරුහරි නැගිටිලා කියන්නකෝ බලමු ලැජ්ජයි.. ලැජ්ජයි.. කරුණාකරලා කියන්නකෝ 𝗙𝗢𝗟𝗟𝗢𝗪 𝗨𝗦 𝗢𝗡 🟠 Subscribe to us on YouTube👉 https://www.youtube.com/@DasathaLkNews 🟠 Like us on Facebook 👉 https://www.facebook.com/dasathalankanews 🟠 Follow us on TikTok 👉 https://www.tiktok.com/@dasathalankanews?lang=en 🟠 Follow us on X 👉 https://x.com/dasathalknews 🟠 Website 👉 https://dasathalankanews.com 🟠 WhatsApp Channel 👉 https://whatsapp.com/channel/0029VarihUt9WtBwt0jbvr47 උණුසම් පුවත් දිනපතා නැරඹීමට Dasatha News යුටියුබ් චැනල් එක Subscribe කර සීනු ලකුණ ඔබන්න » Subscribe to Dasatha News : https://www.youtube.com/channel/UCOZfX56m_e3zcBQ2tkQxxIQ Disclaimer: This is a news report. All images or Videos are using for reference purpose only. For copyright matters please contact : editor@dasathalankanews.com Facebook : https://www.facebook.com/dasathalankanews/,0:00 මම මීට කලිනුත් මේ ගැන කතා කරලා තියෙනවා. 0:02 මම විතරක් නෙමෙයි මම හිතන්නේ මේකේ සමාජයේ 0:03 තියෙන කතාබහක් 0:04 ඔව් 0:04 විශේෂයෙන්ම අපරාධ පරීක්ෂණ දෙපාර්තමේන්තුවේ 0:06 අධ්‍යක්ෂය දරන්නේ ශානි අභේසර මහත් 0:08 ඔව් 0:09 එතුමා ජාතික ජනබලවේගයේ සක්‍රිය දේශපාලනය 0:12 නිරද වෙච්ච කෙනෙක්. 0:13 නෑ. 0:14 හනවා කැවුච්ච මුන්ගේ මම නම් 0:16 එතකොට එබවැනි සක්‍රිය දේශපාලනය නිරත වෙච්ච 0:19 අධ්‍යක්ෂවරයෙක් තියාගෙන පුළුවන්ද ආණ්ඩුවට 0:22 එරෙහිව පැමිණිලි ලැබෙද්දී ඒවට සාධාරණක් 0:24 වේයි කියලා හිතන්න. 0:26 අම්මද බොල. 0:27 නෑ ඒක සක්‍රිය දේශපාලනය යදුන්ේ නෑහ කියලද 0:29 ඔබ කියන්නේ? 0:30 ඔබ කියන සක්‍රිය දේශපාලනය ඔහු හුවෙ යෙදිලා 0:32 නැහ. 0:33 අම්මාගේ රෙද්ද ූ ගොයියෙයි ූ ගොයි 0:37 ඔබ කියන්නේ සක්‍රිය දේශපාලනයේ මිනුම 0:39 ගත්තොත් එහෙම කොතනින්ද කියලා. 0:41 ඔබ මට කියන්න එතකොට මම කියන්නම්. 0:42 නැ මම ඔබට කියන්න ඕනේ නැහැ. ඒක තමයි ම 0:44 කියන්න නැ 0:45 ඔබ අර්ථ කතනයක් කරනවා. 0:47 නැ මම අර්ථ කතනයක් නෙමෙයි කර. ඔව් කියන්න 0:49 [කෑ ගැසීම] 0:51 මම කියන්නේ 0:52 මම කියන එකක් 0:53 නෙමෙයි.ඔව් 0:53 ශානි අභේසකර මහත්මයාගේ කියන 0:54 ශානි අභේශකර මහත්මයා අපේ ජාතික ජනබලවයකට 0:58 සම්බන්ධ පොලිස් සාමූහිකයක් හදලා තිබුණා. 1:00 පොලිස් විශ්‍රාමිකයන්ගේ සාමූහිකයක්. ඒ 1:02 විශ්‍රාමිකයන්ගේ සාමූහිකයත් එක්ක වැඩ කරා. 1:05 ඒ වැඩ කරා කියන එකයි සක්‍රිය දේශපාලනය 1:07 කියන එකයි දෙකක්. මම මට ඉඩ දෙන්න ඔබතුමා 1:09 මේක කියවන්න මම මේ ඉදිරිපත් කරන්නේ 2024 1:11 වර්ෂයේ 1:12 ශානී අභේසකර මහත්මයා සහ රී සෙනවරත් 1:15 මහත්මයා 1:15 ශ්‍රේෂ්ඨාධිකරණයට ඉදිරිපත් කරපු දියුරුම් 1:17 ප්‍රකාශයක වගන්තියක්. ඔව් 1:19 ඒකේ ඔහු ඔවුන් දෙදෙනාම මේ වගන්තිය 1:23 ඉදිරිපත් කරනවා. 1:24 ඔව් 1:25 the peetitioners state that they 1:27 presentently they are engaged in active 1:29 poltics. 1:30 They are engaged in active poltics. And 1:34 are members of the retied po collecttive 1:36 of the naal people power po 1:38 party 1:39 හරි 1:39 එතකොට මම නෙමෙයි කියන්නේ ශානියාභේසකට 1:42 කියනවා that he was engaged in active 1:44 politics 1:44 හරි ඕකේ දැන් මොකක්ද කියලා තියෙන්නේ? 1:46 ඇටිව් පොලිටිස් වලේජ් වෙලා ඉන්නවා කියලා 1:48 කියන්නේ. ඉතාම පැහැදිලිව මම කිව්වා සානය 1:51 අභේසැන් සක්‍රිය දේශපාලනය හිටියේ නැහ 1:53 කියලා. 1:54 ඔවුන් කියනවා ඔවුන් සක්‍රිය දේශපාලනය 1:55 හිටියා කියලා. 1:57 කට්ට හම්බොල හදන්න කලින් යනවද නැද්ද 1:59 ඒක තමයි ඔබ කියන්නේ මෙහෙමයි. සක්‍රිය 2:01 දේශපාලනයේ මට්ටමක් තියෙනවනේ 2:03 නැ මට්ටම ශානී අභේසකර මහත්මයා ඒක දිහා බලන 2:06 මට්ටමට අනුව එතුමා සක්‍රී දේශාල ඉඳලා 2:08 තියෙනවා. 2:09 එහෙමයි. සා අභේසේකර මහත්මයාට වඩා රේ 2:11 සනේරත්ත මහත්තයා අපිත් එක්ක දේශපාල 2:13 වේදිකාවල වැඩ කරා. මොකද එහෙ පොලිස් සාමික 2:16 හැටියට 2:17 ඒක ප්‍රශ්න කරන්න බැ 2:17 පොලිස් සාමිකය හැටියට ඉතින් ඔ පොලිසබර 2:20 අමාත්‍යංසේ ලේකම් 2:21 දැන් දියවරුන් ප්‍රකාශය ඉන්නේ ඔහු යට තැන 2:23 ඉන්නේ සාන් බේසය කර 2:24 මෙහෙමනේ 2:24 ඔව් 2:25 දියවරුන් ප්‍රකාශයක් කියන්නේ ඇමතිතුමා 2:27 ඔබතුමා දන්නා පටේදී ඉතාම වග කිතු 2:28 ලිවිල්ලා. ඒකේ ඔවුන් කියනවා the ptition 2:31 state that presently they are engaged in 2:33 active poltics and are members of the 2:36 reti po collect of the na party 2:39 ඔබ කියනවා සක්‍ර බලන නිරත වුනේ නැහැ 2:41 කියලා. ඔව් හැබැයි ානි ේසක මහ කෑල්ලක්නේ 2:43 අල්ලන්නේ ඔබ ඇටිව ගලවන්න එපා මේ මේකෙන් 2:46 මොකක්ද 2:46 මොකක්ද පොලි පොලිස් හාමෝහිකය 2:49 මයි කියව 2:50 පොලිස් හාමුකය 2:51 නැ මම මේක කියන්න හරි 2:53 engage with rei po නැ නැly 2:55 engage with නෙමෙ තියන්නේ 2:57 the petitioners state that presently 2:59 they are engaged in active poltics and 3:03 and are meers of the retied po 3:05 collective of the naational people power 3:07 polit po party මේක ජාතික 3:09 විශ්‍රාමිකයින්ගේ සංගමය මුකුත් නෙමෙයි 3:10 බල්ලුව කියන බළු කතාව 3:12 එහෙනම් 3:13 මේක ජාතික ජනබලවේගයේ විශ්‍රාමික පොලිස්මෝය 3:16 සහන්න ඒක ඇන් කියලා කියන්න කලින් 3:18 කියනවා අපි සක්‍රිය දේශපාලනය 3:20 දැන් මේකට ප්‍රශ්නය 3:22 සක්‍රිය දේශපාලනය නිරත වෙලා හිටපු 3:24 විශ්‍රාමිකයෙක්ට තොන්ත්‍රාත් පදනම් මත 3:27 ඔබතුමාලා නැවතත් තනතුර බාධනා 3:29 එතකොට 3:30 ඔහු ජාතික ලවේගිය චරිතයක් හරි 3:33 ඔහු එතන ඉඳිද්දී 3:34 කෙනෙකුට ප්‍රශ්න කරන්න ඔබතුමා ප්‍රශ්න 3:36 කරන්නේ නැද්ද ඒක දේශපාල පක්ෂ නියෝ නැනේ 3:38 තමා පක්ෂ නෝ 3:40 පොක් 3:42 ඔබට අහුවෙලා තියෙනවද සාභේසයකර එහෙම 3:44 ආණ්ඩුවට විරුද්ධව මොනවාහරි ආපු එකක් 3:46 පරීක්ෂා නොකර ඉන්නවා කියලා. 3:48 නෑ 3:48 ඔබ මට ප්‍රශ්නය සාධාර නෑහ කියලා ඔබ 3:50 කියන්නේ. 3:50 ඔව් සාධාර නැහ. ඔබ කියන්න ඔබ ඔය ප්‍රශ්නය 3:55 අහනවා වගේම කියන්නේ අහවල් පරීක්ෂණයේදී සාේ 3:57 සේකර 3:58 එතකොට අහවල් පරීක්ෂණයදී ඔහු එහෙම කරේ නෑහ 4:01 කියලා අපි ගිහිල්ලා ඇතුලට ගිහිල්ලා 4:02 තොරතුරු හොය එනක 4:02 තොරතුරු නෙමෙයි 4:03 දේශපාලන පක්ෂයක 4:05 නැස් 4:07 නත් කලින්දෝ කවුරුහරි පරීක්ෂණයක් කරපු 4:10 ඇහෙකට බාධා කරා හරි පරීක්ෂණයක් නොකර 4:13 හිටියා හරි 4:13 පරීක්ෂණක් නොකර හිටියොත් ඒවා ඔබ කිව්වා 4:15 වගේම ඒවා එළියට එන්න කියන්න කියලා එළියට 4:17 එන්න [හාස්‍යය] බැහැ දැන් 4:18 කවුරුත් ඇයි දාපු මෙනෙන්නේ මම කියනවනේ 4:21 මම කියනවානේ කාලෙත 2012 ඉඳන් මම පැමිණලි 4:23 දැම්මා විභා කේ නෑහ කියලා. 4:25 මම කියනවනේ. ඉතින් ඒ වගේ දාපු මිනිහට 4:28 කියන්න පුළුවන්නේ. තමන්ගේ පැමිණිල විභා 4:30 ම පැමිණිලක් දාලා නැති හඉන්දා මට කියන්න 4:32 බැහැ බැහැ 4:32 ඉතින් ඒක තමයි ොක කියන එක වැරදියනේ කලම 4:35 අහන්නේ පැමිණි ගන්නේ නෙමෙයි 4:36 ම කියන්න පැමිණිලත් තාම එකක්වත් ගිය නෑ 4:38 කියමකෝ. 4:39 හැබැයි මේ වගේ අපරාධ පරීක්ෂණ 4:40 දෙපාර්තමේන්තුවට දේශපාලන පක්ෂයක සක්‍රපාල 4:45 දාන එක හරිද? පොලිස්සේ එබා ඇමති දේශපාලනය 4:47 නේදන 4:48 ඔහු ඔහු ඉතින් පොලිසිය කියන්නේ 4:49 ස්වාධීනායතන ඇමති ඒට දාන්නේ නැහ දන්නේ 4:52 නැහැනේ 4:52 අලිඳු මේක අහන්න දැන් 4:56 ඔබ ඔය මතු කරන ප්‍රශ්නය මතු කරන්න ඕනේ 4:59 අහවල් පරීක්ෂණයේදී මෙහෙම මැදිහත් වුණා. 5:02 අහවල් මුලින් කිව්වා ඔහු සක්‍රිය දේශපාලනය 5:04 හිටියේ නැහැ කියලා 5:05 සක්‍රිය දේශපාලනය කියලා හිතා 5:06 ඔම ඒක පිළිහරන් තියෙනවා කියලා කිව්වට 5:08 පස්සේ ඔබ කියනවා මට කියන්න කියලා ඔහු අත 5:10 දැමූ පරීක්ෂණයක් ඔහු පරිය කරන්නේ නැ ඔබ 5:13 පටලන්න එපා කලින් මම ඉතාම පැහැදිලිව 5:15 කිව්වා. ඔව් අපේ පොලිස් හාමුකේ හිටියා 5:17 කියලා කිව්වන ම ඉතාම පැහැදිලි කිව්වා 5:19 ඔය කිව්වා සක්‍රිය දේශපාලය හිටිය නැ කියලා 5:21 කියනවා සක්‍රය 5:21 දේශපාලය හිටිය කියලා ඇive ඇටිive 5:24 පොලිටික්ස් වල හිටියා කියලා කියන එක ඇතුලේ 5:26 ඔහු ඒ වෙලාවේ ඒක අර්ථකථනය කරන එක තියෙන්නේ 5:28 ඔහු අපේ පොලිස් හා සහමුික හිටියා ඉතාම 5:30 පැහැදිලා 5:31 කිව්වානේ 5:32 හොඳ එාම් පැහැදිලිලා කිව්වා. හැබැයි ඒ 5:34 සක්‍රිය දේශපාලනය ඇතුලේ සානි අබේසේකර 5:36 මහත්තයා හරි රවේශ සෙනන රත්ත මහත්තයා හරි 5:38 දෙන්නගෙන් කවුරු හරි කොහේ හරි තැනක ආපු 5:41 පරේක්ෂණයක් යට ගහන්න නොකර ඉන්න කරා කියන 5:44 එක සාක්ෂියක් කියන්න කියවනැ 5:46 ඉදිරිය ඔබතුමාලා 5:47 ඔව් 5:48 ඉදිරියේදී 5:49 ඕනෑම කෙනෙක් දේශපාලන පක්ෂයක නියෝෂිතයෙක් 5:52 ඔව් 5:52 ඔය වගේ පොලිස් ඒකක ප්‍රධානෙක් විදිහට පත් 5:56 කරනට විරුද්ධත්ව යන්නේ නැද්ද ඒක 5:57 ප්‍රශ්නයක් නැහ කියද කියන්නේ 5:58 නැ මේ හිට කලිනුත් පත් කරපු අය කරපු වැඩ 6:00 ගැන ඔන්න අපි කතා කරමු. නෑ මම අහන නැ ඔබ 6:03 අහන එක නනේ උත්තරේ මම කියන්නේ 6:05 හරි 6:05 හැබැයි ඔබ මම අහන ප්‍රශ්නේ මේක ජාතික 6:09 ජනබලවේගය සතරීය දේශපාලනයටම ලි 6:11 ඕට සිද්ධ වෙච්ච අසාධාරණයක් තියෙනවනේ 6:13 කලින්ද 6:14 ඔබ ඒක අමතක් කනේ ප්‍රශ්න කරන්නේ දැන් නැැ 6:16 ඔබ කොයි වෙලාවත් එනන් ගඇහුවේ නැහැනේ සානි 6:18 අභේසේකර මහත්තයාට මෙහෙම අසාධාරණයක් වුනා 6:20 කියලා ප්‍ශ් තුම අධාක් වුනා ඇයි ඇතුමා 6:23 අසාධාරණ වුනේ 6:23 ඔබට මතකනේ ඔබට මත ද්වේශ පාලන දඩයමක් කරා 6:26 ඔව් දැන් ඔබට මතකයි ශිරා බානායක මදි කරා 6:29 අපි 6:30 ඔබතුමාලත් ඒ වෙලාවේ ඒ 6:32 ශිරාණි බණ්ඩාරයගේ මැතිර වෙනුවෙන් පෙනෙහි 6:33 සිටිය. එතුමිය ඒ අසාධාරණ නිවැරදි කරන්නේ 6:36 එතුමියට යී තරදුර ලැබුණා. ඉතින් ගෞරවනීය 6:40 විදිහට ඒ අවස්ථාවමේ එතුමේ තියෙන කර මම 6:42 විශ්‍රම ගන්නවා. 6:43 දැන් මෙතුමාට එවැනි ආකාරයක වෙච්ච සිත් 6:45 ඇැවුලකට එතුමා එතුමා දක්ෂ ඉලදා 6:47 සිත් ඇවලක් නෙමෙයි 6:48 ඒවා අර්ථකනය කරන්න එපා සරල කර 6:50 ම කියපු ඔබ 6:53 ඔබතුමාලා 6:54 ඉතාම පැහැදිලි හරි ගැනීමක් කරලා හිරේ 6:56 දැම්මනේ. හැබැයි 6:57 කවුද පොදු පොහොට්ටුවේ ආණ්ඩුව ඉතාම 7:00 පැහැදිලිව සාන් අභේසකර මහත්තයා පරීක්ෂන 7:02 වලින් අයින් කරලා නිකන් හිටියේ නැහැ. හිරේ 7:04 දැම්මා. 7:04 හරිනේ. දැන් ඔබ ඒ කියන එකට ඔහුට හිමි 7:07 ස්ථානය අලි ලබා දීම නම් කළ යුත්තේ මම අහන 7:10 ප්‍රශ්නයයි ඔබ කියන දේ ඇතට තාම දෙකක් 7:12 තියෙන්නේ. 7:13 මුහු අඛණ්ඩව පොලිස් සාමූහික ඒ කියන්නේ 7:16 අපරාධ පිරිච්ච පාරතමේඳුට නායකත්වයේ දදීම 7:18 සක්‍රිය දේශපාලනය හිටපු දේශපාලන එක්ක 7:20 කරන්න 7:21 බැහ. නැ ඉතාම දක්ෂ පොලිස් රලධාරිය. කෑම 7:24 කර නැ ඔහුයි දක්ෂයි දක්ෂ 7:28 ඔහු විශ්‍රාමිකයෙක් විදිහට දේශපාලනය 7:29 කරා නැ ඔහු විශ්‍රාම යැහුවා විශ්‍රාම 7:32 ඇහුවා නෙමෙයි ඔහු හිරේ යවා. ඔබ ඒ කෑල්ල 7:34 කියන්නේ නැහැනේ කොයි වෙලාවේවත් ශානේසය කර 7:38 [හාස්‍යය] 7:39 මි 7:41 ඔබ මම කිව්වේ නැත්නම් කිව්වේ නැමයා වේශයකට 7:43 ඉතාම බරපල සාධාරණයක් සිද්ධ කරා. පරීක්ෂණ 7:46 වලින් අයින් කරා. මොකක්ද පරීක්ෂණය 7:50 ඊස්ට් අටක් එකේ පරීක්ෂණ වලින් අයින් කරා. 7:52 අයින් කරේ ඇයි? පරීක්ෂණය හොයාගන් යන නිසා. 7:55 පරීක්ෂාවට ලක් වෙච්ච නිසා. ඒ නිසා ඔහු 7:57 අයින් කරලා විතරක් හිටිය දැනුත් ඊට පරීක්ෂ 8:01 තියෙනවනේ 8:01 තියෙනවා පරීක්ෂා 8:03 අනිවාර්යෙන් යාය යුතු විතරක් නෙමෙයි. 8:05 වැරදි කරුවන්ට අදාල නිසි එක වෙන අවස්ථාවේ 8:08 ඇති. 8:08 එතුමා අපට රධ පරීක්ෂණ දෙපාර්තේ 8:10 අධ්‍යක්ෂකවරයා. 8:10 ඉතින් අධ්‍යක්ෂකවරයා හැටියට ඉඳලා ඔහු ඇයි 8:12 අයින් කරේ. පරීක්ෂණ පිටිපස්සේ ගිහිල්ලා 8:15 වැරදි කාලයෝ අල්ලන්න යනකොට තමයි අයින් 8:16 කරේ. දැන් මේකයි. ඔබේ සාවරය වෙන්නේ 8:18 සක්‍රීය දේශපාලනය හිටියත් එතුමා දක්ෂයෙක් 8:20 නිසා 8:21 දේශපාල මේ පැවතිච්ච දේශපාලනය වෙනස් කරන්න 8:24 සිද්ධ වෙච්ච අසාධාරණ විතරක් නෙමෙයි. ඔය 8:26 වැනි දක්ෂ නිලධාරියෙක් ඉතාම පහත් ලෙස 8:28 සේවයෙන් අයින් කරලා හිරෙත් දාලා 8:30 නැවැත්තුවේ. 8:31 ඒ තමයි ඒ ආණ්ඩුවේ දේශපාලනය. හැබැයි අපි ඒ 8:33 විතරක් නෙමෙයි නිවැරදි කරනවා විතරක් 8:35 නෙමෙයි දැනට සාන් බේස ඇතුළු අපේ ඒ අපරාධ 8:38 පරීක්ෂණ දෙපාර්මේන්තුව පොලීසිය සිදු කරන 8:40 මෙහෙයුම ඇතුලේ ගොඩක් පරීක්ෂණ ඉස්සරහට එනවා 8:42 විතරක් නෙමෙයි. දැන් ගොඩක් අය හිත් යන්න. 8:45 ඒකනේ ජනතා අපේක්ෂාවද ඒක ජනතා අපේක්ෂාව 8:48 කිසිම ප්‍රශ්නයක් නැහ 8:50 ඒක කිසිම ප්‍රශ්නයක් නැහැ. පරීක්ෂණ 8:52 විධිමත් විය යුතුයි. 8:54 හොරුන්ට දඩුවන් දිය යුතුයි. 8:56 අපරාධකරුවන් නීතිය රැහැනට අසු කළ යුතුයි. 8:58 2009 ඉඳන් නෙමෙයි 2000 ඉඳන් හරි හොයන්න 9:00 ඕනේ. 9:01 කිසි ප්‍රශ්නයක් නැහැ. 9:02 හැබැයි මගේ ප්‍රශ්නයට පදනම් වුනේ ඔබතුමා 9:04 අර එතුමා විහිරේ දාපු එක මට මතක නැහැ. ඒ 9:06 ටික කිව්වට මගේ දැන් මේ ඔබ මා ඉදිරේ ඉන්න 9:09 වෙලාවේ මගේ ප්‍රශ්නය වුනේ 9:10 එතුමාම පිරිම් තියෙද්දි එතුමා දේශපාලනය 9:13 කරා කියලා දේශපාලනය කරපු පොලිස් 9:15 නිලධාරියෙක් මේකට යන්න සුදුසු කියලා. 9:16 රැතුමා අ අදයෙක් නිසා හෝ දා නෙමෙයිනේ ඔබ 9:21 ඔතනින් නෙමෙයි ප්‍රශ්නය ඇහුවේ දැන් මුළු 9:24 සාකච්ඡාවම ඔබ එකතු කරගත්ත 9:25 දැන් මම මෙන් ඇහුවා නම් ශානී 9:26 අභේස්‍රමාපත්තයා දක්ෂයෙක් නේද එතුමා වතනට 9:29 දාප හරියටම හරි කියලා මාත් පිළිගන්නවා 9:31 කියලා ඒක ප්ක් වෙන්නේ නැ 9:32 දැන් කලින්ද ඔබ මොකක්ද ප්‍රශ්නය ඇහුවේ ඔබ 9:34 ප්‍රශ්නය ඇහුවා මේ දේශපාලනය කරපු සාන් 9:37 භේසයට මේකට දාපු එක හරිද කියලා. 9:39 ඔව් 9:40 සාන් අභේසයකට දේශපාලනය කරන්න වුනේ ඇයි? 9:43 දේශපාලනය කරන්න වුනේ ඇයි කියන එකට අනුව 9:46 ඔහු දේශපාලන මාවත තෝරගත්තා. දේශපාල මාවත 9:48 තෝරගත්තා. 9:49 දේශපාල මාවත පස්සේ ඔහුට යඳුම අඳින්න 9:51 ප්‍රශ්නයක් තියෙනවා කියලා නිලධාරී විදිහට 9:53 ඔහුත් දන්නවා ඔබත් දන්නවා. අපි හැමෝම 9:55 දන්නවා 9:55 ආමද? 9:57 එහෙම නැහ. ඇයි ඔහුට අදාල අසාධාරණ විතරක් 10:00 නෙමෙයි ඉතාම ඉතාම අත්‍යාවශ්‍ය පරීේක්ෂණ 10:03 ගණනාවකින් ඔහු ඉවත් කරලා ඔහු හිරෙත් දාලා 10:06 ඔහුට බරපතල අපරාධයක් කරේ. හොඳ දක්ෂ 10:09 නිලධාරියෙක් අපි හිටපු. දක්ෂම 10:11 නිලධාරියෙක්. ඒ අදාල හිමි තැන අපේ අන්්ඩ 10:14 දීලා තියෙන්නේ. හිමි තැන දීලා තියෙන්නේ. 10:16 ඒකට තමයි මම අර උදාහරණය කතා කරේ. 10:18 ඉතින් ඒක තමයි හිමි තැන දීලා තියෙන්නේ අපි 10:19 ඕක 10:19 ඒ නිසා තමයි මම ශිරාි බණ්ඩාරානායක 10:21 මැතිතුමින් උදා 10:22 ශිරාි බණ්ඩාරනායක මැතිනියගේ සිද්ධිය 10:23 සිදුවියබ්බි වෙලාවෙත් ඒ සිදුවීම ඇතුලේ ඇයව 10:28 එහෙම ඉවත් කිරීම සහ ක්‍රියාවලිය ඇතුලේ 10:30 සිද්ධ වෙච්ච දේ අපි හැමෝම දන්නවා. 10:31 ් 10:32 සිරා බණ්ඩාරනායක මහත්මයගෙ නිකන් ඇහුවා 10:34 විතරක් නෙමෙයි. සාන් අභේසකර හිරෙත් ඇහුවා. 10:36 ඒ තමයි පොහොට්ටුවේ දේශපාලනය. අපි ඒවා 10:38 නිවැරදි කරා. 10:40 ඒ තමයි අපි කරේ. ශානි අභේසයකර කියලා 10:42 කියන්නේ අපේ රටේ ඉන්න අපරාධ පරීක්ෂණ 10:44 සම්බන්ධයෙන් හොඳ ඇහැක් තියෙන හොඳ ඉවක් 10:47 තියෙන දක්ෂ නෙලධාරියෙක්. ඔහු අද රාජකාරිය 10:49 කරනවා.,Agriculture,Misleading,FALSE,Human consistency annotation,Human review: Title vs transcript mismatch; metadata is not sufficiently supported by the transcript.,agriculture-Rjv6b0DvfZU,,,,medium,manual,,Inconsistent,title_transcript_mismatch,Human review: Title vs transcript mismatch; metadata is not sufficiently supported by the transcript.,FALSE,Rjv6b0DvfZU,Rjv6b0DvfZU,0.004,0.009,0.114
Rjv6b0DvfZU,https://www.youtube.com/watch?v=Rjv6b0DvfZU,ප්‍රභා ත්‍රස්තාවාදියෙක් කියලා දැන්වත් කවුරුහරි කියන්නකෝ බලමු,#archuna #lka #DasathaNews #DasathaMidNewstoday #FacebookLive #Live #FBLive #SriLanka #srilankanews මන් මේ අන්තිම වතාවට අහන්නේ ප්‍රභා ත්‍රස්තාවාදියෙක් කියලා දැන්වත් කවුරුහරි නැගිටිලා කියන්නකෝ බලමු ලැජ්ජයි.. ලැජ්ජයි.. කරුණාකරලා කියන්නකෝ 𝗙𝗢𝗟𝗟𝗢𝗪 𝗨𝗦 𝗢𝗡 🟠 Subscribe to us on YouTube👉 https://www.youtube.com/@DasathaLkNews 🟠 Like us on Facebook 👉 https://www.facebook.com/dasathalankanews 🟠 Follow us on TikTok 👉 https://www.tiktok.com/@dasathalankanews?lang=en 🟠 Follow us on X 👉 https://x.com/dasathalknews 🟠 Website 👉 https://dasathalankanews.com 🟠 WhatsApp Channel 👉 https://whatsapp.com/channel/0029VarihUt9WtBwt0jbvr47 උණුසම් පුවත් දිනපතා නැරඹීමට Dasatha News යුටියුබ් චැනල් එක Subscribe කර සීනු ලකුණ ඔබන්න » Subscribe to Dasatha News : https://www.youtube.com/channel/UCOZfX56m_e3zcBQ2tkQxxIQ Disclaimer: This is a news report. All images or Videos are using for reference purpose only. For copyright matters please contact : editor@dasathalankanews.com Facebook : https://www.facebook.com/dasathalankanews/,කවුරුවරි ඇත්තටම ජේවිපිකාරය ඉන්වන කයන මේ ‍රරස්සවාදය කියල වුරන්දිම දවස්ස කරුණාකළ කියල්ඩවාලජ්ජයි ටරජ්ජවල රිද කරුණාකරල අඩුමගාන් තමුන්නාසලාගේ වෙනුවට නැතිවෙච් රණ විරුවට ර විෝගිය නටක අන්දිම දවසා න්න ආයාණ්ඩවෙන්ෑමට එළියන්දඳව හන්ඩ මන්දැක්කවග අපේ කතානාකතුමට මිල්ලිඇන්තිකක් ොර වංජා දුෂල කරා දියෙනව ලා සයබොක් එකගිලා ම නඩුවදාතින ම ඇවිල පළවින් දවස්සම කැප්පුනේ මේ කතානාකතුමතමතකයි දෝගට හන්දිට චාමින්ඩකලට් නයිාව ඉළියටදාහරිද වූ ැන් ම ෆ් ෆරකත්දාෙන සුපරිනගොට්නව ලජ්ජි ේකකතානයකදුමට සියබොක් එකේ මි්ල න්තහ් හොරන්කර කියලා ේ භාවිතකරා කිය ේ තේබබාවිතා රා කලා නුවදලික අතරුව මේ බැග්ඩේට්කරලා ලියුමක් ග්ඩ හැදුව කතානා ස්ම අපේ ස්පීක කතානෑකම වග්ඩේ්කරලා කැබින්එගෙන ලියුම ගන්ඩ හැදුව් අ්ිමට ේ ප්‍රයිමිනිස්ස කියලා ඒක දෙන්ටව ඇක ලේවග මහියවල තිෙන නිසා දුකයි තුන්සිය විසඳුන ක්ටඉනගයදැනකො යාගන් බ හරිද හැබැයි අප ජෙලෝලයි ික වාහනය නැවුවන බ නඩුව විසින මඩ ාපු නුව විසිනයග එකක්ත් මම වරදිකර වෙල තියෙන යන්න හවුරුද තිස්ටමයක්මමේ ශ්ිස්ටමගේටිය මට එකන නඩුවත් තිබපද ගි යටකම පාලි මන්දවන්ඩ කළ ඒනිස වගුල්වටක ගොඩක් පලාපොරොතුව තියාගෙනාව මගේතැ පාලිමේද වඳන් පළවනිමයඉවැත්වෙන්නේ මව වෙන්ඩද අත්තනම හරිදසාෂය මං ඕගලට මාරආදරය ෙලා හිකිය මාර මාර වලාපොරොත්තුව තිබ්බා මේ පාලි මද වනකොට ඇත්තටම කයන්මේකින රට්ට සම්පුර්ණම ලස්සනනි දැන කවුර ියනවා ඊලගට අපේ වාහන ඩිකක් කමිලට කන වනරිස තපිස දෙන් එතකොට අපි වැලාපොරොතු ම විට්සඑක දෙන්ඩඕනෑ ලක්ෂ දොළට අඩිමාන ල්ල විට්සක ලක්ස අසුවට ානුවටවත් ගන්ඩ පොල විදින මොනා දාකන්ඩවනේ ඩොක්ටසඩ ප්‍රමිට්එක දෙන්වුවන්නේ පුළුවන්න ඩක්ටස්ලපවන පිටරඩව බබයිනව මමත් ඕනවුන පිටරඩ ගියල ජීව් තපුලමට සල සක තියනව ජීම්සි කගෙක්සල්ලයලක ලියාගත්තන යන පිටට ේ කෝටි දෙකා මාර කවුරු ෙකට ඩි අනිපොට හිතපලන්ඩ කබි නැි කාලොත් මේක කියන දෙවල පොට්ඩක් කිතට අරගෙන ලබනවරදලරි මේ ඩක්ටරස් ඩ ්‍රමිටය ලැද්දා දෙසිය කන ඩොක්ටර් සපැනන තියෙනව රට හොඳව ඒ ිසා පට්ටක් ල්පනා කරලා කල්පනායවඩන්ඩ බොමසද,Agriculture,Reliable,Not False,Human consistency annotation,Human review: Title vs transcript mismatch; metadata is not sufficiently supported by the transcript.,agriculture-Rjv6b0DvfZU,,,,medium,manual,,Consistent,consistent,Human review: Title vs transcript mismatch; metadata is not sufficiently supported by the transcript.,FALSE,Rjv6b0DvfZU,Rjv6b0DvfZU,0.008,0.01,0.114
Rjv6b0DvfZU,https://www.youtube.com/watch?v=Rjv6b0DvfZU,ප්‍රභා ත්‍රස්තාවාදියෙක් කියලා දැන්වත් කවුරුහරි කියන්නකෝ බලමු,#archuna #lka #DasathaNews #DasathaMidNewstoday #FacebookLive #Live #FBLive #SriLanka #srilankanews මන් මේ අන්තිම වතාවට අහන්නේ ප්‍රභා ත්‍රස්තාවාදියෙක් කියලා දැන්වත් කවුරුහරි නැගිටිලා කියන්නකෝ බලමු ලැජ්ජයි.. ලැජ්ජයි.. කරුණාකරලා කියන්නකෝ 𝗙𝗢𝗟𝗟𝗢𝗪 𝗨𝗦 𝗢𝗡 🟠 Subscribe to us on YouTube👉 https://www.youtube.com/@DasathaLkNews 🟠 Like us on Facebook 👉 https://www.facebook.com/dasathalankanews 🟠 Follow us on TikTok 👉 https://www.tiktok.com/@dasathalankanews?lang=en 🟠 Follow us on X 👉 https://x.com/dasathalknews 🟠 Website 👉 https://dasathalankanews.com 🟠 WhatsApp Channel 👉 https://whatsapp.com/channel/0029VarihUt9WtBwt0jbvr47 උණුසම් පුවත් දිනපතා නැරඹීමට Dasatha News යුටියුබ් චැනල් එක Subscribe කර සීනු ලකුණ ඔබන්න » Subscribe to Dasatha News : https://www.youtube.com/channel/UCOZfX56m_e3zcBQ2tkQxxIQ Disclaimer: This is a news report. All images or Videos are using for reference purpose only. For copyright matters please contact : editor@dasathalankanews.com Facebook : https://www.facebook.com/dasathalankanews/,\xdbgfdhfb,Agriculture,Misleading,FALSE,Human consistency annotation,Human review: Title vs transcript mismatch; metadata is not sufficiently supported by the transcript.,agriculture-Rjv6b0DvfZU,,,,medium,manual,,Inconsistent,title_transcript_mismatch,Human review: Title vs transcript mismatch; metadata is not sufficiently supported by the transcript.,FALSE,Rjv6b0DvfZU,Rjv6b0DvfZU,0,0,0.114
ZIm1X3tHatg,https://www.youtube.com/watch?v=ZIm1X3tHatg,නාකි මැනේජර් ලා කෙල්ලට දීපු සැප | sinhala keti katha | Short Stories Vlog #shortstory,"Sit back, relax, and step into a peaceful night under the moonlight. In this video, I’m sharing an interesting story surrounded by the quiet beauty of the night sky... 🌙✨ Unwind from your day and enjoy this calming late-night story experience. Don't forget to let me know your thoughts in the comments below! In this video, we bring you a heartwarming romantic tale that will touch your soul. Share it with your loved one or enjoy it on your own. 🎧 Complete with voice-over and subtitles 📖 Listen to the full story ❤️ A tale of love, emotions, and hope If you enjoyed this story, please Like, Comment, and Share. Subscribe for more romantic short stories! Unwind your mind and escape the stress of the day with short, calming bedtime stories crafted especially for adults. Each narration is designed to help you relax, disconnect from your worries, and ease gently into a deep, peaceful sleep. From reflective tales and emotional journeys to soft, atmospheric storytelling, Chathu Nimesha offers the perfect nightly ritual for anyone seeking comfort, calmness, and quiet moments before bed. ✨ Relax your thoughts. Slow down. Drift into sleep. Subscribe and make every night a peaceful ending. 🌙💤 Keywords: walkatha new 2025, wal katha reading,wal katha,new wal katha,keti katha love story,wal katha new,keti kathandara,wal katha lyrics,sinhala book reading,lingika rahas,wela katha,short story,adara nawa katha,sinhala,wal katha story voice,vela katha,sinhala keti katha,keti katha,sinhala short stories,novel sinhala,sinhala news,wal katha aluth,walkatha fb,සින්හල ආදර කතා,වැල් කතා,සිංහල වල් කතා ,නව කතා,කෙටි කතා,ආදරනීය කතා, වල් කතා Keywords: chathu nimesha katha,walakatha,walkatha new 2025,wal katha reading,wal katha,new wal katha,keti katha love story,wal katha new,keti kathandara,wal katha lyrics,sinhala book reading,lingika rahas,chathu nimeshage kathawa,wela katha,short story,adara nawa katha,sinhala,wal katha story voice,vela katha,sinhala keti katha,keti katha,sinhala short stories,novel sinhala,sinhala news,wal katha aluth,walkatha fb,සින්හල ආදර කතා,වැල් කතා,සිංහල වල් කතා,චතූ නිමෙශා,නව කතා,කෙටි කතා,ආදරනීය කතා,වල් කතා,චතූ නිමෙශාගේ කතාව","0:00 හායි ෆ්‍රන්ඩ්ස් ඔන්න අදත් මම ඔයාලට තවත් 0:03 ලස්සන කතාවක් අරගෙන ආවා. මේ කතාව ටිකක් 0:06 ශෘංගාත්මක කතාවක් නිසා පොඩි අයයි ඒ වගේ 0:09 කතාවලට අකමැති අය නම් බලන්න එපා. ඔහෙනම් 0:12 වැඩි කතා නැතුව අපි යමු අද කතාව බලන්න. 0:15 සතියන්තයේ නිවාඩුව ඉවර වෙලා නැවතත් කොළඹ 0:19 බස්රතය අසුනකට බරවෙද්දී මාළිගේ සිත ඇතුලේ 0:23 තිබුණේ වචනයෙන් විස්තර කරන්න බැරි තරම් 0:26 අමුතුම නොසන්සුන් හැඟීම් ගොඩක්. ජනේලයෙන් 0:29 පිටත අඳුර කපාගෙන ඈතට ඇදී යන මීදුම් 0:33 පිරුණු මොනරාගල කඳුපන්ති දිහා බලන් හිටපු 0:36 ඇගේ ගත පුරාම තවමත් ඊයේ රාත්‍රියේ සිදුවූ 0:41 ඒ තහනම් පහසේ උණුසුම සහ කිලි පොළ යන 0:44 ස්පර්ශයන් අලුතින්ම තැවරී තිබුණා. ගමේදී 0:48 සිදුවුණු ඒ නොසිූ අත්දැකියම ඇගේ මුළු මනසම 0:53 සහ සිතන පතන විදිහ සම්පූර්ණයෙන්ම වෙනස් 0:56 කරලා තිබුණා. මොන රාගල ඒ පාළු හේන් ගෙදර 1:00 අමු ගඩුල් බිත්ති මැද අම්මා නැතුව තමන්ව 1:03 හදාගන්න හේනේ දාඩිය වගුරවන තාත්තාගේ 1:06 අසරණකම ඇගේ පපුවට තදින්ම දැනුණා. හවස් 1:10 වෙද්දී මහන්සියටයි පාලුවටයි අඩියක් ගහලා 1:13 වැටෙන තාත්තව ඒ මහා ණය බරින් නිදහස් 1:16 කරගන්න ඇයට හැකි වුණේ ඇගේ සුන්දරත්වයෙන් 1:20 බව ඇයට තේරී තිබුණා. පිරිමින්ගේ 1:23 නොයිවසිලිමත් ආශාවන් තමන්ට අවශ්‍ය විදිහට 1:26 පාලනය කරන්න තමන්ට පුළුවන් කියන අමුතුම 1:29 ආත්ම විශ්වාසයක් ඇගේ සිත ඇතුලේ 1:31 පැලපදියම්බවී තිබුණා. කොළඹ පුංචි 1:34 ප්‍රයිවට් ඔෆිස් එකක ලැබෙන සොච්චම් 1:36 පඩියෙන් තමන්ගේ වියදම් පියවාගෙන ඉතිරි 1:39 සොච්චම් මුදල තාත්තට යවන්න මාලි කොච්චර 1:43 ගේමක් ගැහුවත් ඒ පවුලේ දුප්පත්කම වෙනස් 1:45 කරන්න ඒ පඩිය කොහෙත්ම මදි වුණා. උදේ අටේ 1:49 ඉඳන් හවස පහෙනකන් සාමාන්‍ය විදිහට මහන්සි 1:53 වෙලා වැඩ කළා කියලා කවදාවත් ජීවිතයේ ඉහළට 1:56 යන්න හෝ සල්ලි හොයන්න බැරි බව ඇයට හොඳටම 1:59 තේරුණා. කොළඹ නගරේ නීති වෙනස්. එතන දෙනන්න 2:03 නම් සාමාන්‍ය ක්‍රම හරියන්න නැහැ. බස් රතේ 2:07 පැත්තීමට සමගාමීව ඇගේ සිත ඇැටුලේ අලුත් 2:10 මාස්ටර් ප්ලාන් එකක් ලියවෙන්න පටන් ගත්තා. 2:13 මාලිගේ තොල් අතරින් අමුතුම අභිමානවත් 2:16 සිනහවක් මතු වුණා. තමන්ගේ සිදු, ලා තඹ 2:20 පැහැති සමා පිරිපුන් හැඩකාර සිරුර සහ 2:23 කොළඹට හැඩගැසුණු නාගරික ආකර්ෂණය කියන්නේ 2:26 ඕනෑම පිරිමියෙක් දාසයෙක් කරන්න පුළුවන් 2:29 මහා බලවත් ආයුධයක්. ඔෆිස් එකේ මැනේජර් වෙන 2:33 දාන්දන්ම තමන් දිහා හොරෙන් බලන හැටි ළඟට 2:36 ඇවිල්ලා අමුතු කතා කියමින් ලයින් දාන්න 2:38 හදන හැටි මාලිට මතක් වුණා. වෙනදාට ඒ බැල්ම 2:42 වලින් බේරිලා අයින් වුණු මාලි අද තීරණය 2:45 කළා ඒක තමන්ලේ වාසියට හරවගන්න මැනේජර් 2:48 කියන්නේ එයාගේ ලොකුම ඉලක්කියා 2:52 එයාව තමන්ගේ ආකර්ෂණයෙන් අල්ලගෙන එයා ලවා 2:55 තමන්ගේ වැඩෙක් අරගෙන ඔෆිස් එකේ ඉහළම තැනට 2:59 යන්න මාලිගේ සිත ඇතුලේ තදබල තීරණයක් 3:03 ගත්තා. 3:04 බස්ථය කොළඹ කොන්ක්‍රීට් වනාන්තරයට ඇතුළු 3:07 වෙද්දී ජනීල වීදුරුවෙන් පෙනන තමන්ගේම 3:11 ඡායාවදි හා මාලි බැලුවේ වෙනස්ම බැල්මකින්. 3:15 ඇය තවත් අසරණ බියගුලු ගමේ කෙල්ලෙක් 3:18 නෙවෙයි. තමන්ගේ රූපයෙන් සහ ස්පර්ශයෙන් 3:22 නගරය ජයගන්න ලෑස් තිබුණු සූක්ෂම 3:25 ගැහැණියක්. 3:26 සඳුදා උදෑසන කොළඹ පිහිටි ඒ පෞද්ගලික 3:29 ආයතනයේ පරිෂරයට මාලි ඇතුළු වුණේ වෙනදාට 3:32 වඩා සම්පූර්ණයෙන්ම වෙනස්ම පෙනුමකින්. 3:36 වෙනදාට ඇඳි සාම්ප්‍රදායික දිග සායට සහ සරල 3:40 ඇඳුම් වලට සමුදීලා ඇගේ පිරිපුන් සිරුරේ 3:43 හැඩය මනාව ඉස්මතු වන පරිදි ශරීරයට හිරවුණු 3:47 ධන හිසෙන් උඩට කොට වූ හැඩකාරයකින් 3:50 සහ සිහින් උරහි පටි සහිත නවීන විලාසිතාවේ 3:53 බ්ලවුස් එකකින් ඈ සැරසී සිටියා. සිරුරෙන් 3:57 වහනය වූ අලුත් සුවඳ විලවූම් සුවඳ මුළු 4:00 කාර්යයාල පරිශ්‍රය පුරාම පැතිරි ගියා. 4:03 කාර්යාලයේ අන්න අයගේ නෙත් ඇය දෙසට යොමු 4:06 වෙද්දී මාිගේ එකම ඉලක්කිය වුණේ ආයතනයේ 4:09 මැනේජර්. 4:11 වයස් අවුරුදු 4තලිස්කට ආසන්ද තද පිරිමි 4:14 පෙනුමක් ඇති මැනේජර් වෙනදා ඉදන්ම මාලි 4:17 කෙරෙහි අමුතු ආකර්ෂණයකින් පසුවූ අය. 4:21 වෙනදාට එයාගෙන් බේරී සිටි මාලි අද සූක්ෂම 4:24 ලෙස එයාගේ අවධානය තමන් වෙත ලබා ගැනීමට 4:27 කටයුතු කළා. 4:29 මැනේජර්ගේ වීදුරු කාමරය අසලින් ගමන් කරන 4:31 සෑම අවස්ථාවකම ඇය තමන්ගේ තායට ඇවිදින 4:35 විලාසයෙන් සහවන් කළ නැතුව වගින් මැනේජ දෙස 4:39 බලමින් අමුතුම ඉංගි ලබා දුන්නා. ෆයිල් 4:42 වගයක් මේසේ මත තබද්දී මැනේජ ලං වී ඇගේ 4:46 ආකර්ෂණය තදින්ම දැනෙන සේ කටයුතු කරන්නට 4:49 මාලි වග බලාගත්තා. 4:51 මැනේජර්ගේ දෑස් මාලිගේ හැඩකාර සිරුරත 4:54 නතරවී නොයිවිසිලිමත් බැල්මකින් ඇය දෙස 4:57 බලාසින බව මාලිට රහසින් දැනුණා. 5:00 තේපානය කරන වෙලාවේදී මාලි මැනේජර් ලෙස දෙස 5:03 බලමින් කුඩා ලැජ්ජාශීලී ඒත් රහසිගත 5:06 සිනහවක් පා කර හැරියා. ඒ සිනහවේ තිබූ 5:10 අමුතුම ආරාධනාව හඳුනාගත් මැනේජර්ගේ සිත 5:13 තුළ මහා නුසන්සුන් කුතුහලයක් ඇවිලි ගියා. 5:17 පැයකට පමණ පසු මැනේජර් තමන්ගේ පෞද්ගලික 5:20 කාමරයේ සිට මාලිට ඇතුලට යන ලෙස පණිවිඩයක් 5:23 එව්වා. මාලි තමන්ගේ ඇඳුම මඳක් සකස් 5:26 ගනිමින් සිත ඇතුලේ ඇතිවූ ජයග්‍රාහී හැඟීම 5:29 සඟවාගෙන මැනේජර්ගේ කාමරයට ඇතුළු වුණා. ඇය 5:33 කාමරයට ඇතුළු දොර වසද්දී මැනේජර්ගේ දෑස් 5:36 ඇගේ පාමුල සිට හිස දක්වාම තදින්ම ගමන් 5:40 කළා. මාලි පොඩ්ඩක් වාඩි වෙන්නකෝ. මැනේජර් 5:43 තමන්ගේ අසුනෙන් නැගිටිමින් කටහඬ මදක් පහත් 5:46 කරලා කිව්වා. එයාගේ මුහුනේ තිබුනේ මහා 5:49 නොසම්සුන්කමක් සහ ආශාවක්. මා අසුනේ වාඩි 5:52 වෙද්දී ඇගේ කොටසය තවත් මදක් ඉහළ ගියා. 5:56 මැනේජගේ දෑස් කෙලින්ම යොමු වුණේ ඇගේ දෙපා 5:59 දෙසටයි. එයා කෙල ගිලින හඬ මාලිට 6:02 පැහැදිලිවම ඇසුනා. මොකද මාලි එකපාරටම ෝණු 6:05 මේ වෙනස වෙනදා නැති අමුතුම ලස්සනක් වෙනස්ම 6:09 පෙනුවක් මට මගේ දෑස් හදාගන්නත් බැ. 6:13 මැනේජර් මාලිගේ මේසේට ආසන්නයෙන් නැඹුරු 6:15 වෙමින් ඇහුවා. එයාගෙන් තද පිරිමි සුවඳක් 6:18 සහ නොයිවසීලිමත් මවක් පිට වුණා. මාලී 6:21 තමන්ගේ ලා තඹ පැහැති තොල් මත ල්ජාශීලී 6:24 සිනහවක් තවරාගත්තා. ඇය මැනේජගේ දෑස් දෙස 6:28 කෙලින්ම බලමින්දු ස්වරයෙන් කිව්වා හැමදාම 6:31 එකම විදිහක බියගුලු වෙලා ඉඳලා මට ඇටි 6:34 වුණාස. මම තීරණය කළා මගේ ජීවිතය විඳින්න. 6:38 මට ඕනේ ජීවිතය ඉහළටම යන්න. ඒ වචන ටික 6:41 ඇසෙද්දී මැනේජගේ මුුණේ මහා ආලෝකයක් සහ 6:45 අමුතු මලියක් මතු වුණා. මාිගේ අභ්‍යන්තර 6:48 වෙනස සහ ඇගේ සිතේති ආශාවන් පිළිබඳ අදහස 6:51 එයාට පැහැදිලිවම තේරුණා. අන්න ඒකයි වෙන්න 6:55 ඕනේ මාලි. ඔය වගේ රූපයක් සහ ආකර්ෂණයක් 6:58 තියෙන කෙල්ලෙක් ඔෆිස් එකේ නිකන්ම ඉන්න ඕනේ 7:00 නෑ. මැනේජර් තවත් මාලෙට ලං වෙමින් කිව්වා. 7:03 එයාගේ කටහඬේ තිබුනේ අමුතුම උණුසුම් බවක්. 7:07 අ මාලිට මාරම චාන්ස් එකක් තියෙනවා. මැනේජ 7:10 වටපිට බලලා රහසින් වගේ කිව්වා ලබන සතියේ 7:14 හබසා අපේ කම්පනියේ ලොකු බිස්නස් මීටින 7:17 එකකුයි ලක්ෂජර පාර්ට එකකුයි තියෙනවා. කොළඹ 7:20 ප්‍රධාන හෝටල් එකක. ඒකෙට යන්නේ මමයි අපේ 7:23 බඩ් ඔෆ් ඩිරෙක්ටර්ස් ලගේන් ඩිරෙක්ටර් 7:25 කෙනෙකුයි විතරයි. මාලිත් කැමතිනවා අපෙත් 7:27 එක්ක යම් දේ. මැනේජගේ ඒ යෝජනාව ඇසෙද්දී 7:31 මාලිගේ හදවත වේගයෙන් ගැහැන්න පටන් ගත්තා. 7:34 තමන්ගේ මාස්ටර් ප්ලාන් එකේ පළමු පියවර 7:36 සාර්ථක වී ඇති බවත් තමන් ඉදිරිය ඇරෙන්නේ 7:39 ජීවිතය වෙනස් කරන මහා දොරටුවක් බවත් ඇයට 7:42 තේරුණා. මාලී හිමෙන් නසුණෙන් නැගිටිලා 7:45 මැනේජගේ ඇස් දෙස බලමින් එයාගේ අතට තමන්ගේ 7:48 සුමුදු ඇඟිලි අහම්බෙන් වඩේ ගෑවෙන සේ ලං 7:50 කරමින් කිව්වා සර් ආරාධනා කරද්දී මට 7:54 නොයෙත් ඉන්න පුළුවන්ද සර්. මම එන්නම්. 7:57 මාලිගයේ ස්පර්ශයෙන් සහ කටහනින් මැනේජගෙන් 8:00 මුළු ඇඟම කිලිපොලා ගියා. එයා ජයග්‍රාහී 8:03 ලෙස සිනාසෙද්දී මාලි කාමරය එළියට ආවේ 8:06 ඉදිරි සතියේ රාත්‍රියේ සිදුවීමට නියමිත ඒ 8:08 විශේෂ සාධය ඝන සිතේ මහා නොසන්සුන් ආශාවක් 8:12 තබා ගනිමින්. බලාපොරොත්තු වූ ඒ රාත්‍රිය 8:14 උදා වුනේ මුළු නගරේම විදුලි ආලෝකයෙන් 8:17 බැලෙද්දී. හවස මැනේජන්ගේ සුඛෝපභෝගී රථයෙන් 8:21 මාලිව කැඳවාගෙන යන්න ඇගේ නවාතන අසලට ආවා. 8:25 රථේ දොර ඇලගෙන මා ඇතුලට බසිද්දී මැනේජගේ 8:28 දෑස් පුදුමයෙන් විශාල වුණේ ඇගේ පෙනුම 8:30 හමුවේ. දෙපාරක් නෙවෙයි දහ පාරක් වුණත් 8:33 හැරිය බලන්න හිතන තරමේ අතිශය ආකර්ෂණීය 8:37 ශරීරයට තදින් හිර වුණු කළු පැහැති 8:39 ඇඳුමකින් මාලි සැරසී සිටියා. රටේ ඇතුලේ 8:42 පැතිරණු ඇගේ සුවඳ විලවුන් සුවඳින් 8:44 මැනේජර්ගේ මුළු සිරුම නොසන්සුන් වුණා. 8:47 කොළඹ පිහිටි තරුපහේ හෝටලේ සාදය පැවැත්වෙන 8:50 ශාලාවට ඇතුළු වෙඩි මාලි වටපිට සිටි 8:52 හැමෝගෙම අවධානය දිනාගත්තා. මැණීජ මාලිව 8:55 කැඳවාගෙන ගොස් ආයතනයේ ප්‍රධාන ඩික්ටර් 8:58 අසලට ලං වුණා. පනස් හෙවිරිදි පමණ පෙනුමා 9:01 ඇති බලවත් මිල අධික ඇඳුමින් සැරසුණු 9:04 ඩිරෙක්ටරට මාලිව හඳුන්වා දෙද්දී එයාගේ 9:07 දෑස් මාලිගේ රූපය මත තදින් නතර වුණා. 9:10 ඩික්ටර්ගේ දෑස් වල ඇඳුනේ කෙලගිලෙන තරම් තද 9:13 නොසන්සුන් බැල්මක්. එයාගේ අය මාලිගේ 9:16 සුමුදුව අත අල්ලාගත්තේ අමුතුම තද බවකින් 9:19 සහ උණුසුමකින්. 9:20 බොහොම සන්තෝසයි මාලිව හඳුනාගන්න ලැබුණා 9:23 එකට. මැනේජ කිව්වටත් වඩා ගොඩක් ලස්සන 9:26 කෙල්ලෙක්නේ. ඩිරෙක්ටර් මාලිගේ දෙපා සිට 9:29 මුහුණ දක්වාම තදින් ගමන් කරන බැල්මකින් 9:31 කිව්වා. මාලි තමන්ගේ අඩවන් කර නැතුවගින් 9:34 බලමින් රහසිගත ආකර්ෂණීය සිනහවකින් ඩික්ට 9:38 අවධානය තවත් තවන් වෙත නැතු කරගත්තා. සාදිය 9:41 ඉදිරියට යැඩී මත් පැන් වීදුරු එකිනෙක 9:44 ගැටෙන හඬත් සංගීතයේ තාළයට මාිගේ ශරීරය 9:47 සොළවන විලාසයත් හමුවේ පිරිමින් දෙදෙනාගේම 9:50 දෑස් ඇගින් මිදුනේ නැහැ. සාධය අවසන් 9:53 වෙද්දී රෑ 11ට ආසන්නවී තිබුණා. තවම ගොඩක් 9:57 රෑ වෙලා නැහැ. ඇපටමන්ට් එකට යමුද එතන 10:00 නිදහසේ අපිට තව ටිකක් ඩ්‍රින්ක් එකක් දාලා 10:02 එන්ජොය කරන්න පුළුවන්. ඩිරෙක්ටර් මාලිගියේ 10:04 උරෙහිසට හිමින් අත තබමින් යෝජනා කළා. 10:07 මැනේජෝ ඊට වහාම එකොඟ වුණා. මාිගේ සිතේ 10:09 ඇතුලේ ඇතිවූේ මහා ජයග්‍රාහී නොසනසුන්කමක්. 10:13 මඳ වෙලාවකින් තිදෙනාම ඩික්ටර්ගේ අති 10:15 සුඛෝපභෝගී ඇට්මන්ට් එකට ඇතුළ වුණා. එහි 10:18 තිබූ මුරුදු ආලෝකය සහ අලංකාර වටපිටාව මැද 10:22 හිමින් පැතිරෙන සංගීතය අතරේ ඔවුන් බීර සහ 10:25 විස්කි වීදුරු තොළගන්නට වුණා. ඩිරෙක්ටර් 10:28 මාලිව තමන්ගේ ළඟින්ම ඉඳවාගෙන එ පවුත් 10:31 කෙලික විස්තර විමසන්නට වුණා. මාලි ඔයාට 10:34 මෙහෙම සාමාන්‍ය ජොබ් එකක නිකන්ම ඉන්න 10:37 නෙවෙයි තියෙන්නේ. ඔයාට ඊට වඩා ගොඩක් දුරේ 10:39 යන්න පුළුවන්ම. ඩෙක්ටර් මාලිග ඉන වටා හිමී 10:43 නත තබමින් ඇගේ කනට ලංවී මෘදු ස්වරයෙන් 10:46 කිව්වා. මැනේජර්ස බලද්දී එයාද සිනහවකින් 10:49 ඊට අනුමැටිය බව මාලෙට තේරුණා. තමන්ගේ 10:52 මාස්ටර් ප්ලෑන් එක නියමටම සාර්ථක වී ඇති 10:55 බවත් තමන් තැබූ අඩිය හරියටම ඉලක්කයට වැඩි 10:58 ඇති බවත් මාලිස් සිත ඇතුලෙන් තහවුරු 11:01 කරගත්තා. ඇපට්මන්ට එකේ තිබුණු අඩුර අතරින් 11:04 මැනේජර් හිමිගොස් මෘදු සංගීතරාවයක් වාදනය 11:08 වෙන්න සැලසූවා. කාමරය පුරා පැතිරුණුවේ ඒ 11:11 සිහින් තාලයට අනුගත වෙමින් මැනේජර් මාලිස 11:14 බලා අමුතුම සිනහවක් පේවා. මාලි අපිට පොඩි 11:18 ඩන්ස් එකක් දාලා පෙන්වන්නකෝ. එයා පහත් 11:20 ස්වරයකින් කිව්වා. මාලි කිසිම පැකිලීමක් 11:23 නැුව හිමින් නැගිටලා තමන්ගේ හිර වුණු කළු 11:27 පැහැති ඇඬුමෙන් ඉස්මතු වුණු හැඩකාර සිරුර 11:30 සංගීතයේ තාලයට හිමින් සොළවන්න පටන් ගත්තා. 11:33 ඩිරෙක්ටර් මාලියට ලං වෙද්දී මැනීජ ඊට 11:36 ඉක්ුණා. තමන්ගේ සැලසුම සාර්ථක කරගත් මාලි 11:40 ජීවිතයේ තවත් අලුත් අත්දැකීමකට සූදානම් 11:42 වුණා. මැදිවියේ පසුවූ ඒ දෙදෙනා තමන්ගේ 11:45 අත්දැකීම් භාවිත කරමින් මාලි කිසි දිනක 11:48 නොලැබූ වෙනස්ම අත්දැකීමත් ඇයට ලබා දුන්නා. 11:52 දෙදෙනාගෙන්ම නොවඩුව ලැබුණු අවධානය හමුවේ 11:55 එදා ඒ කොළඹ අහස යට මාලිතරම් සතුටින් උතුරා 11:58 ගිය වෙනත් කාන්තාවක් නොසිටි තරම්. පසුදා 12:01 උදේසන කොළඹ උස ගොඩනගිලි අතරින් අලු යම ඉරේ 12:05 වැටෙද්දී. මාලි ඇපටමන්ටකින් එළියට බැස්සා. 12:08 ඇය සුව පහසු ටැක්සි රතයකට නැගි තමන්ගේ 12:11 බෝඩිම දෙසට ගමන් කරන්නට වුණා. ටැක්ියේ 12:14 ජනේල වීදුරුවෙන් පිටත ඇදී යන නගරයේ දෙස 12:16 බලද්දී. මාලිග තොල් අතරින් මතු වුණි 12:19 ජයග්‍රාහී මහා අභිමානවත් සිනහවක්. ඊයේ 12:23 රාත්‍රියේ සිදුවූ සියල්ල ඇගේ මාස්ටර් 12:25 ප්ලාන් එකට වඩා සාර්ථකව සිදුවී තිබුණා. 12:28 තමන්ගේ අනාගතය උසස් වීම් සහ රජ මාලිගාවක් 12:32 ජීවිතයක දොරටු දෙන්න ඇය ඉදිරියේ විවෘත වී 12:35 අවසන්. අද කතාව ඔයාලාජොය කරන්නේ නැති මම 12:38 හිතනවා. තවත් මේ වගේ කතා බලන්න ආස නම් අපේ 12:41 චැනල් එක සබ්ස්ක්‍රයිබ් කරන්නත් අමතක 12:43 කරන්න එපා. ආයෙත් මේ වගේ ලස්සන කතාවකුත් 12:46 තරම් ඔයලව හම්බවෙන්න එන්නම්. එහෙනම් 12:49 ගුඩ්බe",Agriculture,Misleading,FALSE,Human consistency annotation,The description promises details that the transcript does not support.,agriculture-ZIm1X3tHatg,,,,medium,manual,,Inconsistent,description_transcript_mismatch,The description promises details that the transcript does not support.,FALSE,ZIm1X3tHatg,ZIm1X3tHatg,0.002,0.002,0.03
Bqdsbgzldk0,https://www.youtube.com/watch?v=Bqdsbgzldk0,"නාලන්දා විදුහලේ ගුරු ගෝල "" රමණයේ "" අසම්මතය රස විදිමුද යාලුවේ | POLI CHAT | #episode214",POLI CHAT SRI LANKA | පොලි චැට් This video is a political podcast if you like this channel please subscribe my youtube channel POLI CHAT | POLI CHAT | POLI CHAT #political #podcast #chat #politics #kandy #daladamaligawa #photo #image #360video #anurakumaradissanayake #unp #ranil_wickremesinghe #samagijanabalawegaya #sajithpremadasa #mahinda_rajapaksa #namal_rajapaksha #nppsrilanka #lalkantha #bimalrathnayake #sunil_hadunneththi #harini_amarasuriya #president #parliament #government #gammanpila #malimawa #colombonews #hirusinhalanews #nalanda_college #colombo #teachers #student #polichat,"",Agriculture,Misleading,FALSE,Human consistency annotation,The description promises details that the transcript does not support.,agriculture-ZIm1X3tHatg,,,,medium,manual,,Inconsistent,description_transcript_mismatch,The description promises details that the transcript does not support.,FALSE,Bqdsbgzldk0,Bqdsbgzldk0,0.004,0.002,0.031
2V5zxe01oAI,https://www.youtube.com/watch?v=2V5zxe01oAI&list=PLemtrbEWHcHERb-IDCj22LIfuD9Xw9zuW&index=3,(යස් බොස්-Yess Boss) සිංහල උපසිරැසි සහිතව | B2V Sinhala Subtitle | 05th August 2026 | B2V,"_*__*_🙏**ආයුබෝවන්**🙏_*__*__ B2V SriLanka FANZ.... Movie Review : Sadhu B2V Move Subtitles : Sinhala Move Editing : B2V Team B2V New Movies Sinhala Sub, B2V Sinhala Subtitle Movies New, Our Sinhala Subtitle Movies Review Caregorys -------:--------_------:--------- * Crime Thriller B2V Movies, *Horror sinhala subtitles B2V movies, * Thelugu Sinhala Subtitles Movies B2V, * Tamil Sinhala Subtitles Movies B2V, * Hindi Sinhala Subtitles Movies B2V, * Kannada Sinhala Subtitles Movies B2V, And We Are All Movies Review : B2V SriLanka Sinhala Notice In B2V සිංහල උපසිරැසි සමග චිත්‍රපට ඉතා සුපැහැදිලි දසුන් (HD 720p) (16.9) පුලුල් තිරය, සහා සුපැහැදිලිව කියවීමට පැහැදිලි අකුරු මෙම නාලිකාවෙන් ලබාදෙන චිත්‍රපටවල දැකගත හැකියි, ---------------------------- #B2vmovies #B2vsinhalasubtitles #Subsinhalab2v අපගේ චිත්‍රපටවල ප්‍රවනතාවයන් සිංහල උපසිරැසි ගැන්වීම 👉 Full HD 720p Quality 👉 වඩාත් සුපැහැදිලි අකුරු 👉 16.9 Screen 👉 Original Sound System, Dubbed Original music 👉 B2V SriLanka Only On Movies 👉 යු ටියුබ් නැරබීමේ හැකියාව සහිතයි _______________________________ පහත දක්නට ලැබෙන චිත්‍රපටය ඔබට දිස්වන්නේ බී2වී වෙතින් නිතර ඔබව දැනුවත් කරන යම් යම් උපදෙස් මත පදනම්වයි චිත්‍රපට නරඹන්න ඔබ ප්‍රිය කරනවා ⁣වගේම බී2වී නාලිකාවේ ආරක්ෂක ක්‍රමවේදයන් අනුගමනය කිරීමට ඔබගේ උපරිම සහයෝගය අපේක්ෂා කරමි. _______________________ ප්‍රවනතාවයන්.. B2V Sinhala Subtitle Movies නැරඹීමට ප්‍රිය කරන ඔබට B2V චැනල් එක ඉදිරියට පවත්වාගෙන යාම සදාහා පහත ලින්ක් එක භාවිතා කිරීමට පෙර (සදූ) විසින් ඉදිරිපත් කරන මෙම වීඩියෝව අවසන්වන තුරම රැදී සිටින්න යම් විටක ඔබ මෙම වීඩියෝව නැරඹීම සිදු නොකර චත්‍රපටය පිවිසෙනවානම් B2V නාලිකාව යම් කාලයකදී නොපෙන්වන බව කරුනාවෙන් සලකන්න.. _චිත්‍රපටය මෙතනින් බලන්න_ -----------------👇👇-------------- https://youtu.be/e_XButm8-X4 _____________________________ ➖➖➖➖➖➖➖➖➖➖➖ Contact Us ▶ අප සම්බන්ධ කල හැකි සමාජ මාධ්‍යයන් ________________________________ B2V Sinhala Subtitles Movies Sandhu..... faithfully B2V Channel Thank you #B2V #theghostMoviesubtitles #Sinhalasubnewmovies",මට ී ශ්‍රී ලකා යුතිප් නාලික්ාව්ට ගොඩක් ආදරයන් පිළිගන්නවා බීුප රසිකයන් සියලුම දෙන බී්ුී චිත්‍රපටි නරඹන්එක කැම්තිප්‍රේක්ෂයන් වනුවෙන් අද මේ වීඩ එකෙන් කතා කරන්නේ යර්ස් පෝස් කන ිත්‍රපටයේ පිළිබඳව චිත්‍රපටය සඳා අයියෙම් දී පී තහයෙන් හයයි ද්ශම හතකාග්ගයක ලැබෙල තියෙනවා චිත්‍රපටය අධ්‍යක්ෂනයරලා තියෙන්න අසීස් මිර්සා චිත්‍රපටයේ සඳහා ප්‍රධාන රංගන ශල්පිය පිතිහට ංගනයෙ දායකත්වේ සප්‍වයන්න අපි හැමෝම වගේ ගොඩක් දර් කරන ශාරුක්කා පගම මේ චිත්‍රපටයේ‍රධාන රංගන ිල්පිනිය තමයි ජොහේ චවුලා කොමටි රොමෑටික් යන කැටගරිස් වලට තමයි මේ චිත්‍රපට අයත් වෙන්ේ ත්‍රස්නමසේ අනුහතේ ජූලි දහාට වෙනිද තමයි මේ ත්‍රප්ිරගතවීම් ආරම්භවෙලා තියෙන්න යස්බෝස්කයන හින්දි චිත්‍රපටය තින් දැන් ඔයාලට සිංහල උපසිරසත් එක්‍ මේ චිත්‍රපටය බලන්න පුළුවනචි්‍රපටය පිළිබඳව වැඩි විස්තරයක් මම ස්ක්රප්ෂන් එකයේ ්පැහැදිලිව කරුණු විදිහට වෙන් වෙන්න පැහැදිලි කරලා තියනවා ඉතින් මගේ චැන් එකත් එක්ක එකතු වෙලා ඉන්න මගේ ප්‍රේක්ෂකයන්ට පුළුවන් මේ චිත්‍රපටය නරඹන්න යර්්බ් කැන ගඩක් ලස්සන චිත්‍රපටය ඉතින් මේ චිත්‍රපටය බලා ඔයාට දැනුණු අදහස පහලින් කමෙන්ට් කරන්නත් අමතක කරන්න එප හැමදාම මේ වගේ චිත්‍රපට බලන්න අංගේන වීඩියෝවට ලයික්කමෙන් දාල චනල් එකත් එක්ක දිගටම රැඳිලා ඉන්න ංගේන මේ ීඩියස් බලන ගමන පඅගේ චැනල් එකත් එක්ක එකතුවෙලා ලස්සන ලස්සන චිත්‍රපට හැමදාම බලන්න බීටුවී ශ්‍රී ලංකා චැනල් එකත් එක්ක හැමතාම එකතු වෙලා ඉන්න ඉින් තවත් මේ වගේ වීඩියෝවලින් ඉස්සරහට ලස්සන චිත්‍රපට බලන්න ඔයාලට අවස්ථාව තියනවා නැවතත් අලුත් මලුත් වීඩියෝවගෙන් අලුත් මළ චිත්‍රපටයක් කරන් බටී රසකයන් හැමෝමත් එක්ක ඒ චිත්‍රපටයේ බෙදා කන්න මම ආයෙමත් වෙනවා තවත් ලස්සන නිර්මාන එකින් අි නව තත් හමුන මම සඳුබායි,Agriculture,Misleading,FALSE,Human consistency annotation,Human review: Title vs transcript mismatch; metadata is not sufficiently supported by the transcript.,agriculture-2V5zxe01oAI,,,,medium,manual,,Inconsistent,title_transcript_mismatch,Human review: Title vs transcript mismatch; metadata is not sufficiently supported by the transcript.,FALSE,2V5zxe01oAI,2V5zxe01oAI,0.005,0.03,0.029
Yle7FtJ1QhA,https://www.youtube.com/watch?v=Yle7FtJ1QhA&list=PLemtrbEWHcHERb-IDCj22LIfuD9Xw9zuW&index=2,(Engum Kadhal) සිංහල උපසිරැසි සහිතව | B2V Sinhala Subtitle | 05th August 2026 | B2V,"_*__*_🙏**ආයුබෝවන්**🙏_*__*__ B2V SriLanka FANZ.... Movie Review : Sadhu B2V Move Subtitles : Sinhala Move Editing : B2V Team B2V New Movies Sinhala Sub, B2V Sinhala Subtitle Movies New, Our Sinhala Subtitle Movies Review Caregorys -------:--------_------:--------- * Crime Thriller B2V Movies, *Horror sinhala subtitles B2V movies, * Thelugu Sinhala Subtitles Movies B2V, * Tamil Sinhala Subtitles Movies B2V, * Hindi Sinhala Subtitles Movies B2V, * Kannada Sinhala Subtitles Movies B2V, And We Are All Movies Review : B2V SriLanka Sinhala Notice In B2V සිංහල උපසිරැසි සමග චිත්‍රපට ඉතා සුපැහැදිලි දසුන් (HD 720p) (16.9) පුලුල් තිරය, සහා සුපැහැදිලිව කියවීමට පැහැදිලි අකුරු මෙම නාලිකාවෙන් ලබාදෙන චිත්‍රපටවල දැකගත හැකියි, ---------------------------- #B2vmovies #B2vsinhalasubtitles #Subsinhalab2v අපගේ චිත්‍රපටවල ප්‍රවනතාවයන් සිංහල උපසිරැසි ගැන්වීම 👉 Full HD 720p Quality 👉 වඩාත් සුපැහැදිලි අකුරු 👉 16.9 Screen 👉 Original Sound System, Dubbed Original music 👉 B2V SriLanka Only On Movies 👉 යු ටියුබ් නැරබීමේ හැකියාව සහිතයි _______________________________ පහත දක්නට ලැබෙන චිත්‍රපටය ඔබට දිස්වන්නේ බී2වී වෙතින් නිතර ඔබව දැනුවත් කරන යම් යම් උපදෙස් මත පදනම්වයි චිත්‍රපට නරඹන්න ඔබ ප්‍රිය කරනවා ⁣වගේම බී2වී නාලිකාවේ ආරක්ෂක ක්‍රමවේදයන් අනුගමනය කිරීමට ඔබගේ උපරිම සහයෝගය අපේක්ෂා කරමි. _______________________ ප්‍රවනතාවයන්.. B2V Sinhala Subtitle Movies නැරඹීමට ප්‍රිය කරන ඔබට B2V චැනල් එක ඉදිරියට පවත්වාගෙන යාම සදාහා පහත ලින්ක් එක භාවිතා කිරීමට පෙර (සදූ) විසින් ඉදිරිපත් කරන මෙම වීඩියෝව අවසන්වන තුරම රැදී සිටින්න යම් විටක ඔබ මෙම වීඩියෝව නැරඹීම සිදු නොකර චත්‍රපටය පිවිසෙනවානම් B2V නාලිකාව යම් කාලයකදී නොපෙන්වන බව කරුනාවෙන් සලකන්න.. _චිත්‍රපටය මෙතනින් බලන්න_ -----------------👇👇-------------- https://youtu.be/F90vP2riSZs _____________________________ ➖➖➖➖➖➖➖➖➖➖➖ Contact Us ▶ අප සම්බන්ධ කල හැකි සමාජ මාධ්‍යයන් ________________________________ B2V Sinhala Subtitles Movies Sandhu..... faithfully B2V Channel Thank you #B2V #Moviesubtitles #Sinhalasubnewmovies",බටවීට ජනල් එකත් එක්ක කතු වෙලා ඉන්න බීටුවී ප්‍රේක්ෂකයන් හැමෝම ගොඩක් කදරන් පිළිගන්නවා අද වීඩිවකට අද ම වීඩු එෙන් කතා කරන්නේ එංගයුම් කාදල්කයන චිත්‍රපටය පිළිබඳව චිත්‍රපටය සඳහා අයම්ඩීපී දහයින් පහයි දශම තුනකාග්යක් ලැබිලා තියෙනවා ිත්‍රපටය අධ්‍යක්ෂණය කරල් තියෙන්න ප්‍රභූ දේව චිත්‍රපටය සඳහා ප්‍රධාන රංගන ශල්පියා විදිහට ්‍රවී මොහාන් ්‍රගනය් දාකත්වේ සප්යලා ිෙනවා ඒවගේම මේ චිත්‍රපටය ප්‍රධාන රංගන ශිල්පිනිය විදිහට හංසිකා මොඩ්වනය ‍රංගනයෙන් දායකත්වේ සප්ෙලා තියනව මීට අමතරවසුමප්‍රභූදේවා එ වගේම ප්‍රකාශ් රාජ තවදුරටත් මේ චත්‍රපටය පරණවත් කරා රෝමෑටික්්කටගලියකට තමයි චිත්‍රපටය අයත්වෙන්ේ චිත්‍රපටය තිරගත වී ආරම්භ වෙලා තියෙන්නේ දෙදස් එකොලහේ මැයි හොයවෙනිද එංගයුම් කාදල් කියන්නෙ තෙඹල චිත්‍රපටය ඉතින් දැන් ඔයාලට සිංහල උපසිරසත් එක්ක චිත්‍රපටය බලන්න පුළුවන මේ චිත්‍රපටයේ පිළිබඳව වැඩි විස්තරයක් මම ඩිස්ක්‍රිප්චනකේ පැහැදිලිව කරුණු විදිට වෙන් වෙන්ම පැහැදිලි කරලා තිෙනවා මග ජනල් කත් එක්ක එකත වෙලා ඉන්න මගේ ප්‍රේක්ෂකයන්ට පුළුවන් මේ චිත්‍රපටේ බලන්න චිත්‍රපටය බලලා ඔයාට දැනුණු අදහස අනිවාරයේම පහලින් කමෙන්ට් කරන්න ඒවගේම වීඩයකට ලයික් කරලා යාළ අතරෂයා කරන්න මතක කරන්න එ මංගයන වීඩියෝ බලන ගමන් මගේ චනල් එකත් එක්ක එකතු වෙලා ලස්සන ලස්සන ිත්‍රපට හැමදාම බලන්න බීටුපේශ්‍රී ලංකා චනල් එකත් එක්ක හැමදාම එකතු වෙලා ඉන්න පහළ තියෙන කළුපට සත් ක්‍රැබ් බටන ක ක්ලික් කරන්නත් අමතක කරන්න එපා තින් තවත් මේ වගේ ම ගොඩක් ලස්සන චිත්‍රපටයකට වීඩු එකක් කරගෙන ඉක්මනින්ම එන්න අද වඩ එකත් එක් එකතුන ඔයාට කොඩක් ස්තූතියි මම සඳුදායි,Agriculture,Misleading,FALSE,Human consistency annotation,Human review: Title vs transcript mismatch; metadata is not sufficiently supported by the transcript.,agriculture-2V5zxe01oAI,,,,medium,manual,,Inconsistent,title_transcript_mismatch,Human review: Title vs transcript mismatch; metadata is not sufficiently supported by the transcript.,FALSE,Yle7FtJ1QhA,Yle7FtJ1QhA,0.006,0.032,0.03
dFLfXZafW2U,https://www.youtube.com/watch?v=dFLfXZafW2U&list=PLemtrbEWHcHERb-IDCj22LIfuD9Xw9zuW&index=12,ද ගෝස්ට්(The Ghost) සිංහල උපසිරැසි සහිතව | B2V Sinhala Subtitle | 2026 June 28,"_*__*_🙏**ආයුබෝවන්**🙏_*__*__ B2V SriLanka FANZ.... Movie Review : Sadhu B2V Move Subtitles : Sinhala Move Editing : B2V Team B2V New Movies Sinhala Sub, B2V Sinhala Subtitle Movies New, Our Sinhala Subtitle Movies Review Caregorys -------:--------_------:--------- * Crime Thriller B2V Movies, *Horror sinhala subtitles B2V movies, * Thelugu Sinhala Subtitles Movies B2V, * Tamil Sinhala Subtitles Movies B2V, * Hindi Sinhala Subtitles Movies B2V, * Kannada Sinhala Subtitles Movies B2V, And We Are All Movies Review : B2V SriLanka Sinhala Notice In B2V සිංහල උපසිරැසි සමග චිත්‍රපට ඉතා සුපැහැදිලි දසුන් (HD 720p) (16.9) පුලුල් තිරය, සහා සුපැහැදිලිව කියවීමට පැහැදිලි අකුරු මෙම නාලිකාවෙන් ලබාදෙන චිත්‍රපටවල දැකගත හැකියි, ---------------------------- #B2vmovies #B2vsinhalasubtitles #Subsinhalab2v අපගේ චිත්‍රපටවල ප්‍රවනතාවයන් සිංහල උපසිරැසි ගැන්වීම 👉 Full HD 720p Quality 👉 වඩාත් සුපැහැදිලි අකුරු 👉 16.9 Screen 👉 Original Sound System, Dubbed Original music 👉 B2V SriLanka Only On Movies 👉 යු ටියුබ් නැරබීමේ හැකියාව සහිතයි _______________________________ පහත දක්නට ලැබෙන චිත්‍රපටය ඔබට දිස්වන්නේ බී2වී වෙතින් නිතර ඔබව දැනුවත් කරන යම් යම් උපදෙස් මත පදනම්වයි චිත්‍රපට නරඹන්න ඔබ ප්‍රිය කරනවා ⁣වගේම බී2වී නාලිකාවේ ආරක්ෂක ක්‍රමවේදයන් අනුගමනය කිරීමට ඔබගේ උපරිම සහයෝගය අපේක්ෂා කරමි. _______________________ ප්‍රවනතාවයන්.. B2V Sinhala Subtitle Movies නැරඹීමට ප්‍රිය කරන ඔබට B2V චැනල් එක ඉදිරියට පවත්වාගෙන යාම සදාහා පහත ලින්ක් එක භාවිතා කිරීමට පෙර (සදූ) විසින් ඉදිරිපත් කරන මෙම වීඩියෝව අවසන්වන තුරම රැදී සිටින්න යම් විටක ඔබ මෙම වීඩියෝව නැරඹීම සිදු නොකර චත්‍රපටය පිවිසෙනවානම් B2V නාලිකාව යම් කාලයකදී නොපෙන්වන බව කරුනාවෙන් සලකන්න.. _චිත්‍රපටය මෙතනින් බලන්න_ -----------------👇👇-------------- https://youtu.be/zIAlHtk5yt4 _____________________________ ➖➖➖➖➖➖➖➖➖➖➖ Contact Us ▶ අප සම්බන්ධ කල හැකි සමාජ මාධ්‍යයන් ________________________________ B2V Sinhala Subtitles Movies Sandhu..... faithfully B2V Channel Thank you #B2V #theghostMoviesubtitles #Sinhalasubnewmovies",නටවීහට ජනගනග එකතු වෙලා ඉන්න පීටුවී රසිකයන් වෙනු වෙන් අදම වඩඑකකෙන් කතා කරන්නේ ද ගෝස්ට් කියන කෙළඟු චිත්‍රපටය පිළිබඳව මේ චිත්‍රපටය සඳහා අයියෙම්ඩී පී තහයින් පාහිදශම එකක අගයක් ලැබිලා තියනවා චිත්‍රපය අධ්‍යක්ෂණය කරලා තියෙන්නේ ප්‍රවී ද ගෝ්ට් කියන මේ චිත්‍රපටයේ සඳහා ්‍රධාන රංගන ශිල්පියා විදිහට නාගර්ජනා අඛිනයනි ්‍රංගනෙන් දායකත්වේ සප්පයලා තියෙව ඒ වගේ ම සොනාල් චෞහාන් ේ චිත්‍රපටයේ ප්‍රධාන රංගන ශිල්පිනිය විදිහට ප්‍රංනයේ දායකත්ව ස්යලා තියෙනා ඇක්ෂන් ්‍රයිම් ට්‍රිලර් කියන කැටගර ිස්වලට තමයි මේ චිත්‍රපටය අයත් වෙන්නේ චිත්‍රපටේ තිරගත වීම ආරම්භ වෙලා තියෙන්න දෙදාස් විසි දෙකේ ඔක්තොබර් පස් වනිද ද ගෝස්ට් කියන මේ චිත්‍රපට චෙංහල උපසිටසත් එක්ක ඩැනාලට පීුවි චැනල් එකෙන් බලන්න පුළුවන චිත්‍රපටය බලන්න කැමති ඔයා අනිවාරයෙන්ම මේ වීඩඑකේ පහළ තියන ඩිස්ක්‍රප්ෂන් එක බලන්න චිත්‍රපටය පිළිබඳව වැඩි විස්තරයක් මම ඩිස්ක්‍රප්ෂන් කට එකතු කරල තියෙනා චිත්‍රපටය හොඳයි නම් චිත්‍රපටයත බලලා ඉවර වෙලා ඒ ගැන මගේ වීඩියෝයේ පහලින් කමෙන් කරන්නත් මතක කරන්න එා හැමදාම මේ වගේ චිත්‍රපට බලන්න මංගන වීඩියෝවට ලයික්කමෙන්දාල චනල් එකත් එක්ක තික්‍රම රැඳිල ඉන්නපහල තියෙන කළුපාට සත්ප්බට්න එක ්ලික්කරන්නත් අමතක කරන්නඑප බීටුපී යුටුප් චනල් එකන් ඇක්ෂන් ්‍රය ්‍රීල රෝෑටිකොම්ට පන්ටසී හොරයියන කටකරිස් වලින් චිත්‍රපට බලන්න පුළවන ඔයල කැමති කැටගරියක තෝර කෙන කැමති ිතිහට චිත්‍රපට බලන්න චැනල් එක යාලුව අතිරෙ ‍යාකරන්න තවත්මේ වගේ වීඩියෝ ලින් ඉස්සරහට ලස්සන චිත්‍රපට බලන්න ඔයාලට අවස්ථාව තිෙනවා නැවතත් අුත් මලත් ීඩියෝවකි් අලුත් මලුත් චිත්‍රපටයක් අරන ටවී රිකයන් හැමෝ මත් ක්ක එ ිත්‍රපටය බෙතා ගන්න ම අයත් වෙනව අපි නැවත් හමුවෙවු මම සඳු බයි,Agriculture,Misleading,FALSE,Human consistency annotation,Human review: Title vs transcript mismatch; metadata is not sufficiently supported by the transcript.,agriculture-2V5zxe01oAI,,,,medium,manual,,Inconsistent,title_transcript_mismatch,Human review: Title vs transcript mismatch; metadata is not sufficiently supported by the transcript.,FALSE,dFLfXZafW2U,dFLfXZafW2U,0.005,0.021,0.03
04LseBTsbt4,https://www.youtube.com/watch?v=04LseBTsbt4,මානව හිමිකම් සැසිය නිසා රට ගැන අසත්‍ය ප්‍රචාර දැඩි ලෙස | Ru News,Follow on: Official website - http://www.rupavahini.lk Official Facebook Page - https://www.rupavahini.lk/facebook Official Twitter Page - https://www.rupavahini.lk/twitter Official YouTube Channel - https://www.rupavahini.lk/youtube Official Google + page - https://www.rupavahini.lk/gp,ග්‍රාමිය හා ජාතිකමට්ටමේ සංවර්ධන ව්‍යාප‍රතින රැසක් රටපුරා මේවනවිට ක්‍රියාත්මකයි එම ව්‍යාප්ෘති සම්බන්ධයෙන් ජනතාව දැනුවත් වීම අෂ් බවද ජනමධ්‍යමාත්‍යවරයාෙන්වා දෙනවාඉකුත් වකවානුවේ නිවසක් ඉදිකරන විට පවා ඊට අදාළ නොවන ප්‍රදේශ රැසක ෆෝස්ටර කටවෘත් ප්‍රදයෂණය කළ ඇතැම් පිරිස් සිය පෞද්ගලික වශයතා සඳහා ප්‍රචාරණ ලබාග් බවයි රඹුක්කල මහත පවසන්නේ ධ වර්තමානයේ මේ රටේ වෙන ැඩ පිළිවල අමාත්‍ය අංශවලින් වන වැඩ පිළිවළවල් මාධ්‍ය ආයත නොවලින් අපේ වෙන වැඩ පිළිබළවල් සම්බන්ධී කරණයේ හෝ ඊට ප්‍රතිවිරුද්ධව යන සංවිධානාත්මක කණ්ධානක් වැඩකරනවා මේ කර හසක් නෙමෙයි මේක බොහොම පැහැදිලි මං හිතන විශාල මුදල් ්‍රමාණයක් වියදන් කරමන් මේ වැඩපිරතු යුත්ව මේ වෙන කොට සිද්ධ වෙනවාමේ පළවෙනි අවුරුද්ධා තුළත වෙච්ච සිදුවිම් දිහය අපි විශ්ලේෂණාත්මකව බැලුවොත් අපට පේනව එවා හමුවයන් වෙන දේවල් නෙවෙයිඉතාමත්ම සංවිධානාත්මක ලෙස තෝරාගත්ත වචන පාවිච්චි කරමින් ඒවා ජනතාවගේ ජන මනසය පැලපදියන් කරවන්න කටයුතු කරමින් තියෙනවයකයනඑක පැහැදිලි අපේ මේ අවුරුද්ධ තුළත අපි කරපු විශාල වැඩ ප්‍රමාණය් තිය නමන් හිතනය ඒ වැඩප්‍රමාණයට සාධාරණයක් වෙලානය මාධ්‍ය පැත්තෙන් බලපුහජිනීවාවල ඇති වෙලා තිබෙන තත්ත්වය සම්බන්ධව අපිට කරන්නට පුළුවන් උපරම දේ මෙ හදින කීපය තුළ හැබැයි ඒක ප්‍රයෝජනයක් එය තරං වෙන එකක් නනමුත් ඩුගානි ැප්තැම්බර් වට එනකට සම්පූර්ණයෙන් අපි සූදාඩම් විය යුතුය මොකද අසත්‍යය ප්‍රචාර වැඩි ලෙස ප්‍රචාරයවෙමින් සහ ඒච තියෙන ්‍රප්‍රේෂණකයට තියන සදානම දැක්කම ජතියන්තරමට්‍මය අපී මොනවද කරන්න කියලා හිතෙනවාජනමධ්‍යමත්‍යංශිල්ලිකම් ජගත්පීවි ජේවීර ජාතික මාධ්‍ය සංවර්ධන මධ්‍යස්ථානය අධ්‍යක්ෂව මිලින්ද රා‍යපක්ෂයන මහත්වොරන් සහ මාධ්‍යායතන ප්‍රධානින් පිරිසක්ද මෙම සාකච්ඡාවටයක්ව සිටියා,Agriculture,Reliable,Not False,Human consistency annotation,Human review: Title vs transcript mismatch; metadata is not sufficiently supported by the transcript.,agriculture-04LseBTsbt4,,,,medium,manual_search,,Consistent,consistent,Human review: Title vs transcript mismatch; metadata is not sufficiently supported by the transcript.,false,04LseBTsbt4,04LseBTsbt4,0.019,0.000,0.000
