audio_path,transcript,split,source,duration_seconds
instance/youtube_audio/bLUHdl4zYlw.wav,0:00 na kagunes apiris studii și cu în bernă 0:03 baba la magazin da da 0:06 bună alt că mă destanee to govern the 0:08 motans hero7 jur de carne vie cuvinte 0:11 sau vândute de loc de timp unei it When 0:14 I pasul este de mână arăt cum adică ăsta 0:17 ne iubeste pe mine să fie mele sim 0:19 Vaslui aceasta familie Arctic eMAG 0:21 ghiozdane pe dungate tupeu trimis să 0:23 merg din tabelă de un alt că mai des Da 0:26 netul repeat o între ele de rândul ne 0:28 arată că mod straniu Multă carne mod 0:31 temperaturii de la Huawei e de guverne 0:33 sau apelând la Samsung unei mele simt 0:35 Hai aprilie apare calomniator lună 0:37 foarte Petrean și generalul acvariu 0:39 hailea pompa aer 0:55 priza de aer 0:58 ce trebuie bună Arctic mai bine ăsta ne 1:01 vedem data am râs vei arăt cum aceasta 1:03 nu era altul atât de multe ori mai des 1:05 să lăsăm curte Banat materie de studiu 1:07 la dar nici măcar nu e mă tiranie prin 1:11 aspirație de la hotel Artemis Daniel 1:13 Hârtie de mătase Dubai noastră fel un 1:16 manual de folosire to the moon and How 1:18 to cure noastră Huawei și îl avut bună 1:21 Barbie in the hope that a de pe mine se 1:23 piatră iluminat să fac și vă arăt cum a 1:26 ta chiar și aleg ar fi atasata de vedem 1:29 listen and view free Alex Zaharia te 1:31 caut si eu o fata draguta in legatura cu 1:33 el si acum si eu sa te abonezi Grigoriu 1:37 elsia e ca si visat toata au nu se leaga 1:40 Lewis White Walls feat apela devenea 1:42 care II am avut loc aici am admirat de 1:46 toată gama de lucru al lui să fie mai 1:47 mare de napolitană dacă No mai vezi 1:50 Galaxy Note n7000 legănați de mai iubire 1:54 Poate connect with signode vedem in 1:56 curand lejer de purtat 2:00 neagră de Edgar Hoover studii medii Cum 2:02 vedeți sunt urme de a dat o gramada de 2:04 hobby urâtă ca o noua Giovanni Becali va 2:06 fi el buldog 2:08 dar avea un statut 2:11 ca daca e pe lume cea de la 2:15 Berindei de al lua gura mai noua decat 2:20 Cu aprobarea lui adevărul doua feluri de 2:22 găină fiind atât de 2:26 cap pe 2:29 net de aduci o Kendama sunt foarte clar 2:33 nu atât iluminat să apeși pe ăla adică 2:35 cum putea arăta cel mai bun ăsta ne sunt 2:37 harta Bacău cu Strada Vasile Pârvan the 2:40 target is it programele de etapa a 2:42 grupei aparte ca un produs lui Chucky 2:46 [Muzică],test,youtube_whisper,184
instance/youtube_audio/1qHOkWEzznY.wav,0:00 හොඳයි ඉතින් ආයුභවන් සුභ දවසක්වා කියලා 0:03 ඔන්න අපේ කෘෂන නෙවසයටියබ් චැනල් එකත් එක්ක 0:05 ඉන්න ඔබට ප්‍රාර්ථනා කරනවා. ඉතින් අද දවසේ 0:08 ඔන්න ඔබට ගොඩක් වැදගත් කියලා හිතන 0:11 තොරතුරක් පුහුණුවක් පිළිබඳව තොරතුරු 0:14 ඉදිරිපත් කරන්න තමයි බලාපොරොත්තු වෙන්නේ. 0:17 අද ටිකක් ලස්සන තැනක තමයි මම ඉන්නේ. අ 0:19 වෙනන් චොට්ටක් අර හිටගෙන තමයි වීඩියෝ එක 0:22 ඔබට කළේ. ඉදිරිපත් කළේ. හැබැයි අද මම මේ 0:27 අපූරු ස්ථානයක වාඩි වෙලා බොහොම නිෂ්කලංක 0:30 තැනක ඉඳන් මේ තොරතුරු ඉදිරිපත් කරන්නට 0:33 තමයි බලාපොරොත්තු වෙන්නේ. ඉතින් අද දවසේ 0:36 කතා මාතෘකාව විදිහට ණයයි මිරිස් වගාව තමයි 0:39 තෝරගෙන තියෙන්නේ. මේ ණයිරිස් වගාව 0:42 මෙවෙනකොට ඔබ අතරේ ගොඩක් චනප්‍රියයි. 0:44 විශේෂයෙන්ම ණයිරිස් වගාව පොලිටනල් තුළත් 0:48 වගා කරනවා. ඒ වගේම පොලිටනල් විතරක්ම 0:50 නෙවෙයි. ඔබට නය මිරිස් සාමාන්‍යයෙන් 0:53 ගෙවත්තේ වගා කරන්නත් පුළුවන්. සාමාන්‍ය 0:56 පිහිටි පොළොවේ වගා කරන්නත් පුළුවන්. ඊට 0:58 අමතරව නය මිරිස් බඳුන්ගත වගාවක් විදිහට 1:01 වුනත් ඔබට කරන්න පුළුවන්. ඒ වගේම හොඳ 1:04 ඉන්කම් එකක් ගන්න පුළුවන්. වගාවක් විදිහට 1:06 හඳුන්වා දෙන්න පුළුවන්. අනිත් එක තමයි මහා 1:08 විශාල වපසරියක් ඕනේ නැහැ. මේ නයි මිරිස් 1:12 වගාව කරන්න. කුඩා ඉඩක පොඩි ප්‍රමාණයක් වගා 1:15 කළත් ඔබට ලොකු ආදායමකට මේ නය මිරිස් වලින් 1:18 යන්න පුළුවන්. ඒක නිසා මේ නය මිරිස් වගාව 1:21 කියන්නේ මේ කාලේ ඔබට කෘෂි ව්‍යාපාරයක් 1:24 විදිහට ආරම්භ කරන්න. හොඳම වෙවයක් තියෙන 1:29 හොඳම ඉන්කම් එකක් ගන්න පුළුවන් වගාවක් 1:33 විදිහට හඳුන්වා දෙන්න පුළුවන්. 1:35 සාමාන්‍යයෙන් අපි කතාවට කියනවා දැනගෙන 1:36 ගියොත් කතරගම නොදැන ගියොත් මොකද වෙන්නේ? 1:39 නොදැන ගියොත් අතරමක් කියලා. ඒ නිසා 1:42 ණයිරිස් වගාව පිළිබඳව ඇත්තටම මේ දැනුම 1:46 තාක්ෂණය ලබාගෙන මේ වැඩේය කළොත් ඔබට ගොඩ 1:50 යන්න තියෙන සම්බාවය විභවය ගොඩක් වැඩියි. ඒ 1:54 නිසා ඒ සඳහා දැනුම අවශ්‍ය වෙනවා. අපි 1:57 දන්නවා ගොඩක් වෙලාවට මේ අපේ රටේ මේ ණය 1:59 මිරිස් වගාව සම්බන්ධව මේ අවශ්‍ය කරන දැනුම 2:03 මුදලට වෙකිනවා. ඒ කියන්නේ මිරිස් වගාව 2:06 සම්බන්ධව ඔබට අවශ්‍ය නම් දැනුම ලබාගන්න. 2:08 ඔබට අවශ්‍ය නම් මේ සඳහා පුහුණුවක් 2:10 ලබාගන්න. ඔබට මුදල් ගෙවලා ඒ සඳහා සෙට් 2:13 වෙන්න ජොයින් වෙන්න සිද්ධ වෙනවා. ඉතින් මේ 2:16 වාණිජ්‍ය ණයයිමෙරිස් වගාව කරන්න ඔබට 2:19 අවශ්‍ය කරන දැනුම පුහුණුව ප්‍රායෝගික 2:21 අත්දැකීම් ලබා දෙන පුහුණුවක් පිළිබඳව තමයි 2:24 ඔබට තොරතුරු කියන්නේ අද මේ පුහුණුව 100ට 2:27 100ීක් නොමිලය තමයි ඔබට ලැබෙන්නේ. ඊට 2:29 අමතරව ඔබට අවශ්‍ය කරන දිවා ආහාරය ඒ වගේම 2:33 තියපැන් මේ සියලුම දේවල් මේ පුහුණුව තුළදී 2:35 ඔබට නොමිලය තමයි ලැබෙන්නේ. ඉතින් කෘෂිකර්ම 2:38 දෙපාර්තේන්තුව තවත් විදියකට කිව්වොත් 2:41 දකුණු පළත් ක්‍රිකර්ම දෙපාර්තේන්තුවේ 2:43 තෙලිච්චිල දිස්ටරික්කර්ම පුහුණු 2:45 මධ්‍යස්ථානය තමයි මේ පුහුණුවත් ඔබ 2:48 වෙනුවෙන් පවත්වන්නට මේ වෙනකොට සියලු 2:50 කටයුතු සූදානම් කරලා තියෙන්නේ. අපි බලමු 2:53 දවස කවදාද කියලා ඒ වගේම කොහොමද මේ 2:56 පූහුණුවත් එක්ක එකතු වෙන්නේ කියලා. ඒ 2:58 විස්තර ඔක්කොම මම ගාව ෆෝන් එකේ තියෙනවා. 3:00 මම ඒ තොරතුරු දැන් ඔබට ඉදිරිපත් කරන්නට 3:02 බලාපොරොත්තු වෙනවා. මාතෘකාව තියෙන්නේ 3:05 වාණානිජ නය මිරිස් වගාව. වාණිජ්‍ය 3:07 නයිමිරිස් වගාව එතකොට මෙන්න මෙහෙම තමයි 3:11 තොරතුරු සඳහන් වෙන්නේ. සම්පූර්ණයෙන්ම 3:13 නොමිලේ ආහාර පාන 3:15 සහිතව දිනය ඕකනේ වැදගත් වෙන්නේ 2025 3:20 අප්‍රේල් හතර වෙනිදා. හැබැයි කාලය තිබුණා 3:23 කියලා බලන් ඉන්න එපා. අදම මේකට ලියා පංචි 3:26 වෙන්න. මොකද මේ කාලය තිබුනට අවස්ථාව 3:29 සීමිතයි. ඒක නිසා ඔබට අවස්ථාවක් ලබාගන්න 3:32 නම් ඉක්මනටම ලියාපදිංචු වෙන්න වෙනවා. 3:34 අප්‍රේල් මාසේ හතරවෙනිදා උදෑසන නවයට තමයි 3:38 මේ පුහුණුව පැවැත් වෙන්නේ. තෙලිච්චිල 3:40 දිස්ටක් කෘෂිකර්ම පුහුණු මධ්‍යස්ථානයේ 3:42 තමයි පුහුණුව පවත්වන්න කටයුතු සූදානම් 3:45 කරලා තියෙන්නේ. තෙලිච්ච විල්ලා තියෙන්නේ 3:47 කොහෙද කියලා දන්නවද ඔයාලා. තෙලිච්චුවල 3:49 තියෙන්නේ මාතර කිට්ටුව. මාතරට ඇවිල්ලා 3:52 අකුරුස පාරේ යනකොට තමයි මේ තෙලිච්චිල 3:54 දිස්ත්‍රික් කෘෂිගම් පුහුණ මධ්‍යස්ථානය 3:56 හමුවෙන්නේ. සාමාන්‍යයෙන් මාතර ඉඳලා ඔබට 3:59 පැය භාගෙකින් නිතර මේ ස්ථානයට ළඟා වෙන්න 4:02 පුළුවන් බස් එකේ ගියොත්. හරි. එතකොට මේ 4:06 වාණිජ්‍ය මිරිස් වගාව සඳහා ඔබට ලබා දෙන මේ 4:10 පුහුණුවට සම්පත්දායකත්වය ලබා දෙනවා මේ 4:12 විෂයේ ප්‍රවීණයෙක්. ඒ වගේම මේ ආරක්ෂිත 4:15 ගෘතුල භෝග වගාව සම්බන්ධවත් දැනුම්ම 4:17 අත්දැකීම් තිබෙන නිලධාරී මහත්මයෙක්. 4:19 එතුමාගේ නම තමයි දකුණු පළත් ක්‍රිකරම 4:21 දෙපාර්තමේන්තුවේ මාචර නියෝජ්‍ය කෘෂිකර්ම 4:24 අධ්‍යක්ෂ කාර්ලයට අනයුක්තව සේවය කරන 4:27 පීච්චී අනුර නාලක මහත්මයා තමයි මේ 4:29 සම්බන්ධව ඔබට මේ පුහුණුව සිද්ධ කරන්නේ. 4:33 එතුමා විෂයානුබද්ධ නිලධාරී පැලෑටි සංරක්ෂණ 4:37 විදිහට තමයි වර්තමානයේදී කටයුතු කරන්නේ. 4:40 ඉතින් විශේෂයෙන්ම කියන්න ඕන මේ නයිමිරිස් 4:42 වගාව වාණිජ්‍ය නයයිිරිස් වගාව පුහුණුව 4:45 සම්බන්ධීකරණය කරනවා කෘෂිකර්ම තාක්ෂණ සහකාර 4:49 ශාලිත මීගස් තැන්න මහත්මයා. ඉතින් ශාලිත 4:53 මහත්මයාටත් අපි ස්තුතිවන්ත වෙනවා. ඉතින් 4:55 මේ පුහුණුට සම්බන්ධ වෙන්න ඔබට අවශ්‍ය නම් 4:58 මෙන්න මේ දුරකථන අංකයට කල් එකක් අරගෙන 5:00 තමයි රජිස්ටර් වෙන්න තියෙන්නේ. මම 5:02 දතුරකතනා අංකය සඳහන් කරන්නම් 0 41 22 40 5:08 477 5:09 041යි 22යි 40 477 කියන දුරකථනා අංකයට 5:15 ඇමතුමක් ලබාගන්න ඊට පස්සේ ඔබේ අවශ්‍යතාවය 5:19 සඳහන් කරන්න ඔබට ලියා පදිංචිය දුරකථනය 5:21 ඔස්සේ සිද්ධ කරන්න පුළුවන්. එහෙනම් ආදරණීය 5:24 හිතවතුනි ඔන්න මට ලැබිච්ච තොරතුරක් 5:27 ඉක්මනින්ම ඔබ වෙනුවෙන් ඉදිරිපත් කළා කාලය 5:30 සීමිතයි ඉක්මනින්ම මේ සඳහා ආයදුම් කරන්න 5:33 ලියා පොදිංචු වෙන්න කියලා ඔබෙන් ඉල්ලා 5:35 සිටිනවා. එහෙනම් ගොඩක් ස්තුතියි වීඩියෝ එක 5:37 බැලුවට පුළුවන් තරම් වීඩියෝ එක ෂෙර් කරන්න 5:40 තවත් අයට මේ අවස්ථාවට එකතු වෙන්න ඉඩ කඩ 5:42 ලබා දෙන්න කියලා මම ඔබෙන් අවසාන වශයෙන් 5:45 ඉල්ලා සිටිනවා. 5:49 [සංගීතය],test,youtube_whisper,351
instance/youtube_audio/rta_v0b9O_E.wav,0:00 a massa marco ti dicevo lapidano 0:01 giovinco mutual de chine e da papi 0:04 aravena calatino pullman terapia va sano 0:06 ma c'è la pillola passa in data macchine 0:08 che la fine ma pur la vas anno veniva 0:10 lavata da grande centravanti da 20 watt 0:12 sia la madrina ne avete accumulato chi 0:14 la criticava pure la pam antares a 0:16 pieghe andava trattata a sapere vede più 0:19 lette dai che vende che la pila si è 0:21 cominciata a manica por di spade in 0:23 graduale che cavani che paura mille via 0:25 regina beda teams andava glielo p 0:27 valeana piganti eva camera sai mica pur 0:29 nella mappa messa a gara nava eva che mi 0:33 inviare in forma clan bene ma stata 0:36 fatta a rambo calati pena che neppure le 0:40 avete gamma la king della cultura e 0:42 natura ora le api no'va che ne fissa su 0:44 atene cambio doukara ne viene evasa in 0:47 qatar ea piero deve avere andremo atto 0:48 ma dalla 0:51 non l'accettano cadaveri e viene alla 0:53 fine di una gara e va 1000 metri nei 0:56 cambi in veneto demma messa al game 0:58 alemanno è stato di ben 20 clonata lista 1:00 vip romani e mi salvò ad appartenere 1:03 chiaramente santos a mutare superiore al 1:06 dall ara e valla badin damato ap la 1:10 chiesa mai enama scan empasse laborde 1:12 alghe nelle camerate da vatan apriva 1:15 assalti che mi era beni spade nei cara 1:17 gun passasse alla scadenza ma pisa 1:19 cascherà menti bene la carne a 1:20 pizzigallo pure la sabbia avere più la 1:23 hpd aterno premiata gamma 1:28 variegata piano aterno copyright appelli 1:32 ma a cannes ea sputare a meno dei buchi 1:34 valeva qatara ma massa fatti che vedo è 1:36 che né coda ma vi vale la pena assente 1:39 veri a modellare la badini e barking 1:41 maraga che poteva cadere strana questa 1:43 scarna apk tangun e amati per lunghe 1:46 nell'anima se in via the ring apk tangun 1:48 alimento mantero anni paci ludi paci o 1:50 come a darci the 1:52 mutant bash a cascata cannes chiedere a 1:56 palagano 1:57 buona l'idea paga cara canapi 2:01 e la carne della pala portonovo mente 2:03 onore alla pac animata da 1.000 a dare 2:05 acquatica parecchie di e tu letti dunham 2:09 e la sangria party carburi a cartagena 2:12 osanna diana taurasi 2:17 metastasi a legna stamento con la 2:20 romania si alle small agosti belen isaac 2:23 b lin è siano pari purga strumenti la 2:27 parlamento demo dal sappia che andava la 2:29 proprio no fradicio di tai reid il pack 2:31 clima per a tour a led arabo via sanda 2:34 con le pratica della bagarre e vari 2:36 bureau che ha strumento parli mentre 2:38 cantava sere la bella dormita 19 dic 2:41 indicata ad aem e tira se non rulles 2:45 parte la piena mini sagra marchetto 2:48 mario diana la micra mit 2:51 all'orecchio viene messa 10 adam parr 2:53 laghi quindi banda badu panatta e giulia 2:56 sand sciabaduba nate o quassù rub a dub 2:59 anatolica la mana carnavalet impanate 3:01 anapa la sangio denef era la hall in 3:03 perdita per de danse dunham il duca per 3:07 i muppet badu che album cantava simpana 3:11 sancho the national fallimento di 3:13 deripaska alla badia dai meri clima 3:15 sondata cabine a nome di e la bagarre 3:18 [Musica],test,youtube_whisper,199
instance/youtube_audio/pY1yepbz06w.wav,0:02 9th 0:05 मे बैठे महावत खान ने बेवकूफ इंसान ही 0:08 अवश्य कार्बनिक तोहर बिदाई हर इमेज़ अधीन 0:11 आरंभ करने पर उत्कृष्ट अलबामा के 0:13 महिंदानंद अलुथगामगे महात्मा प्रकाशक 0:15 राजावत यशेंद्र राजपक्ष महात्मा बुध व 0:18 जनसेवा नियोजकों अनुसार रेस्टोरेंट 0:20 डिस्ट्रिक्ट पुष्कर में अध्यक्ष के 0:22 विरुद्ध कठोर निर्णय व्यक्तित्व की 0:24 अदरवाइज आधा हिस्सा खर्च वातव्याधि हिंदी 0:27 मे झुकाव नाम पर डिस्ट्रेक्शन पूर्व 0:30 तैयारियां आरंभ कर अंतर्राष्ट्रीय संभाव्य 0:33 अनेक प्रदेश अध्यक्ष प्रभात झा हरी मटर 0:35 में बहुत खर्चा विधि और नेतृत्व पर 0:37 अनुराधा पूरे पोलोन्नरूवा मॉडल के लिए 0:40 ट्रैक उड़ा महालय मखनपुर हम प्रत्येक 0:42 उन्हें गुस्सा पुत्रं न विवाह बहुत ही 0:45 प्रसिद्ध स्पीकर सदा ख्याल हर विधा हृदय 0:48 प्रमुख तथा बल बुद्धि मिठाई मेरी द्वितीय 0:50 ने पढ़ें कैसे पता 20 दे न कि पेन नंबर दो 0:53 बेचैन था वह विरुद्ध काम इंच और बना कर ले 0:55 टमाटर रासायनिक तत्व लाभ देने लगे सटाई 0:58 कपिल कटोरी यादव नर्वदेश्वर के लहर 1:01 प्रगतिशील एवं कोटा से उत्तर ग्लैमर 1:03 प्रदेश अथक रविवार को अपने ब्लॉग मे कवर 1:06 कर मुरव्वत लगाव आत्मविनाश भी आमिर अपने 1:09 दायित्वों के निर्वाह में 1:12 [संगीत] 1:18 हुआ है 1:20 [संगीत] 1:22 यह 1:23 प्रोफाइल के पहरेदार ने टिप्पणी की प्रबल 1:26 कामना कब्रगाह बन सार्थक कर का तनु है कि 1:28 बाबा गोविंद चोदना कराने के अनुसार अग्नि 1:33 वायु आदित्य 1:37 बिरला कैपिटल गुड्स एंड 1:42 मेक सुरे यू 2:22 को चालू हुआ 2:26 था 2:28 भंदा बढी 2:34 मेज़र करने से दाग कविता व गीत विवाह का 2:37 अवश्य कार्बनिक रहेंगे किंतु बल बुद्धि 2:40 में अर्पण-दर्पण अश्व दूसरे के अभिनेत्री 2:42 प्रदेश में स्थापित रहती कार्बनिक एवं 2:45 अव्यवस्था न फैले बांधता पेट भरता पड़ा है 2:51 हुआ है 2:53 कर दो 2:57 कि श्रीमती स्थानीय दैनिक आधुनिक ब्रेड के 3:00 लोग हैं 10 यह किंतु अनेक अनुराग ठाकुर ने 3:03 मेल समय मध्यस्थों ने पावरकॉम ने अपने इस 3:05 अनुक्रमांक व्यवसाय के गुण मिल रही फिर हम 3:08 हटाए 3:09 दाउद 3:11 विश्वविद्यालय बोनी कपूर ने शीघ्र घोषित 3:15 करने के विरुद्ध विश्व में किसी कार्यक्रम 3:19 में 3:22 खूब 3:26 लुटाया कि 3:29 करन ने बड़े ही 3:40 दिल अलग वीडियो में 3:44 [संगीत] 3:48 कर दो 3:51 में 3:53 सफल पिओगे 3:56 ढुंढते करना है 3:59 [संगीत],test,youtube_whisper,240
instance/youtube_audio/Rwhoc2R7qoY.wav,0:00 आध्यात्मिक शांति चूमे सहित लिव आइटम पानी 0:03 से धो लें अधिकतम तरह की करने 0:09 से पहले एक 0:18 अभियुक्त क्वेश्चन ओं 0:21 [संगीत] 0:25 में मेहंदी से टैटू त्रिपथगामिनी गोविंद 0:27 क्षमा कर देना तय हुआ था बदलना पड़ा बाद 0:30 उन्होंने अंपायर ड्राई ₹10 दादी अब भज 0:34 दादी 0:34 अब भज दादी 0:37 अब भज दादी अब 0:51 [संगीत] 1:03 [संगीत] 1:25 कि कैसे विगत वाहनों को विजन सिब्बल 1:27 प्रदेश में मायावती ने दुग्ध यह क्रिया यह 1:31 गोविंदा हुसैन में मैं वर्मा करने दिखा 1:33 बैंक पो रहा देर बाद सुलभ साधन सार्थक बाय 1:39 रफतार नखरा तेरा नी 2:25 पेट्रोलियम एवं तमाम आगे कैमरा मांगे जाते 2:28 हैं 2:29 [संगीत] 2:37 [संगीत] 2:46 कर दो,test,youtube_whisper,168
instance/youtube_audio/PRkEWOWiW8A.wav,0:00 [Music] 0:00 foreign 0:00 [Music] 1:30 um 2:31 foreign 2:56 foreign 3:35 foreign 4:06 [Music] 4:08 thank you,test,youtube_whisper,250
instance/youtube_audio/oGD4D4TpSKk.wav,0:00 හොඳයි ඉතින් ක්‍රිෂ්නිවස් සමඟ සිටිනින්න 0:01 ඔබට සුභ දවසක් වේවා කියලා ප්‍රාර්ථනා 0:03 කරනවා. ඔන්න සියතුේ පොලියට ඔබට 0:06 ව්‍යාපාරයක් ආරම්භ කරන්න. කෘෂි 0:08 ව්‍යාපාරයක් වෙන්න පුළුවන්. ඕනෑම 0:10 ව්‍යාපාරයක් ආරම්භ කරන්න රජෙන් විශේෂ 0:12 නයෝජනා ක්‍රමයක් ක්‍රියාත්මක කරලා 0:14 තියෙනවා. තවමත් මීඩියා වලට මේ පිළිබඳව 0:16 තොරතුරු ලොකුවට ගිහිල්ලා නැහැ. හැබැයි 0:18 කෘෂන නියෝස් වලින් අපි ඔන්න ඒ ගැන තොරතුරු 0:21 මුලින්ම රටට අනාවරණය කරනවා. මේ ණය යෝජනා 0:24 ක්‍රමය යටතේ ඔබට මේ වන කොටත් මහචන බැංකුවට 0:26 ගිහිල්ලා මේ සියට තුනේ පොලියට ණය ලබා 0:29 ගැනීමේ හැකියාව තියෙනවා. මහජන බැංකුව 0:31 ඔවුන්ගේ නිලෆස්බුක් ගිණුමේ මේ පිළිබඳව 0:34 විශේෂ සටහනක් දාලා තියෙනවා. මම ඒ තොරතුරු 0:36 තමයි ඔබට ඉදිරිපත් කරන්නේ.එස්එම්එස් 0:38 එම්එස්එම්එස් ව්‍යාපාර ක්ෂේත්‍රයා නැවත 0:40 ගොඩනැගීමට මහජන බැංකුවෙන් 1083තු වාර්ෂික 0:44 පොලියට විශේෂ ණය පැකේජයක් ඔන්න ඔහොම තමයි 0:48 මාතෘකාව සඳහන් වෙන්නේ. ඇතිවූ හදිසි අපදා 0:51 තත්ත්වය නැවත නැගී සිටීමට සහඑම්එස්එම්එස් 0:55 ව්‍යාපාරයන්ට සහය වීමට මහජන බැංකුවෙන් 0:58 දැන් ඔබට සරිලන පරිදි සකස් කළ මූල්‍ය 1:01 පහසුකම් උපදේශන සහය සහ ඔබේ ගැටළුවලට 1:05 ගැලපෙන නිශ්චරිත වෙසඳුම් ලබාගන්නට අවස්ථාව 1:08 උදා කරලා දීලා තියෙන්නේ. ඉතින් සිය පොලියට 1:13 තමයි මේ ණය මුදල ඔබට ලබාගන්න අවස්ථාව 1:15 තිබෙන්නේ. ඒ වගේම විශේෂයෙන් මේ පසුගිය 1:18 දිට්ටුවා බලපෑමට ලක්වුණු ඔබට සහනයක් 1:22 සලසන්නටත් මේ නයෝජනා ක්‍රමය අනුව රජය 1:26 බලාපොරොත්තු වෙනවා. හරි ඉතින් ඊළඟට මම 1:28 විස්තර ඉදිරිපත් කරන්නම් ඇති වූ හදිසි 1:30 යහපදා තත්ත්වයෙන් නැවත නැගේ සිටීමට 1:32 සහඑම්එස්එම්එස් 1:34 ව්‍යාපාරයන්ට සහය වීමට මහජන බැංකුවෙන් 1:36 දැන් ඔබට සරිලන පරිදි සකස් කළ මූල්‍ය 1:39 පහසුකම් උපදේශන සහය සහ ඔබේ ගැටලු වලට 1:42 ගැලපෙන නිශ්චරිත වෙසඳුම් ලබාගන්නට අවස්ථාව 1:45 තියෙනවා. මේ යටතේ නයෝජනා ක්‍රම එකයිද 1:47 දෙකයි තුනයි හතරක් ක්‍රියාත්මක වෙනවා. 1:49 පළවෙනි නයෝජනා ක්‍රමය යටතේ සුදුසුකම් 1:51 ලබන්නේ මෙන්න මේ අය. දිට්ටුවා සුලි 1:53 කුණාට්ටුවේ බලපෑමෙන් පීඩාවට පත් කුඩා හා 1:57 මධ්‍ය පරිමාණ ව්‍යාපාර සහ මහා පරිමාණ 2:01 ව්‍යාපාරයන්. සිය තුනක වාර්ෂික පොලි 2:03 අනුපාතකයක් යටතේ මේ කණ්ඩායමට ණය ලබා 2:07 ගැනීමේ හැකියාව තියෙනවා. උපරිම ණය මුදල 2:09 තමයි රුපියල් මෙලියන 25ක්. මේ යටතේ 2:13 රුපියල් මෙලියන 25ක නමුදලක් ඔබට ලබාගන්න 2:16 පුළුවන් සුදුසුස්කම් ලබන කණ්ඩායම තමයි 2:18 දිට්ට සුලිාටුවෙන් රජුවම බලපෑමට ලක් වූම 2:22 ව්‍යාපාරයකට මේ ණය ලබාගන්න පුළුවන්. ඊළඟට 2:25 තියෙනවා mඑම්එස්එම්එස් ණය. මේකේ වාර්ෂික 2:28 පොලි අනුපාතය 105යි. 2:31 උපරිම රුපියල් මෙලියන 25ක් දක්වා යන්න 2:34 පුළුවන් මේ නයෝජනා ක්‍රමය යටතේ. මේකට 2:37 සුදුසුකම් ලබන්නේ ශ්‍රී ලංකාවේ 2:39 ක්‍රියාත්මක වන ඕනෑමඑස්එම් 2:42 ව්‍යවසායක ආයෝජන අවශ්‍යතාවයක්. ඔන්න 2:45 ඔබටඑම්එස්එම් 2:47 විවසායක ආයෝජන අවශ්‍යතාවයක් තියෙනවා නම් 2:51 ඔබට මේසියට පහේ ලෝන් එක ලබාගන්නට අවස්ථාව 2:55 හැකියාව තියෙනවා. ඊළඟට තියෙනවා ඔන්න ක්‍රෂ 2:58 නියෝස් එක්ක ඉන්න ඔබට වැදගත් වෙන කෘෂි 3:01 විවසායක් ආරම්භ කරන්න විශේෂණ නයෝජනා 3:03 ක්‍රමයක් මේ යටතේ ආරම්භ කරලා තියෙනවා. 3:05 ක්‍රියාත්මක වෙනවා. වාර්ෂික පොලි අනුපාතය 3:08 1004 සිට අට දක්වා තමයි අ කිරීම සිද්ධ 3:12 කරන්නේ පොලිය. එතකොට මේ යටතේ සුදුසුකම් 3:15 ලබන්නේ මෙන්න මේ කණ්ඩායම හොඳින් අහගන්න. 3:18 එළවලු පළතුරු පෝලාදිය වගා කිරීම සඳහා 3:21 ආයෝජන සහ කාරක ප්‍රාග්දනය ඇතුළුව 3:25 ක්‍රිකමාන්තය ආශ්‍රිත ක්‍රියාකාරකම් සඳහා 3:29 මූල්‍ය අවශ්‍යතාවයන් තවදුරටත් පහසු කිරීම 3:32 සඳහා මෙන්ම වී බඩ ඉරිඟු ගබෑලට අවශ්‍ය කරන 3:36 ප්‍රාග්ධන අවශ්‍යතාවයන් වෙනුවෙන් මේ ණය 3:39 මුදල් ලබා ගැනීමේ හැකියාව ඔන්න ඔබට 3:42 තියෙනවා. ඒ වගේම තමයි ෂුත්‍ර පරිමාණ අංශය 3:45 විවසායකීන් වන ඔබටත් 3:48 තුනේ වාර්ෂික පොළියේ සිට හතේ වාර්ෂික 3:51 පොලිය දක්වා ණය මුදලක් ලබාගන්න පුළුවන් මේ 3:53 අලුත් ණය වැඩසටහන යටතේ. එතකොට ඒ යටතේ ඔබට 3:58 රුපියල් මෙලියන තුනක උපරිමයකට යටත්ව ණයන් 4:02 මුදලක් ලබා ගැනීමේ හැකියාව තියෙනවා. ඒ 4:05 අයටතේ සුදුසුකම් ලබන්නේ මූල්‍යමය වශයෙන් 4:07 ශුද්ධ පරිමාණ අංශයේ ව්‍යාපාරයන්හි සියලුම 4:10 ආයෝජන සහ කාරක ප්‍රාග්ධන අවශ්‍යතාවයන් 4:13 වෙනුවෙන් තමයි මේ ණය මුදල ලබාගන්නට 4:15 අවස්ථාව තියෙන්නේ. ඉතින් මේ සඳහා ණය මුදල් 4:18 ලබාගන්න වැඩි විස්තර දැනගන්න ළඟම තියෙන 4:22 මහජන බැංකු ශාක්ඛාවට ළඟම තියෙන මහජන 4:25 බැකාවට පිවිසෙන්න කියලා මහජන බැංකුව ඔන්න 4:28 ගෞරවයන් ඔබට ආරාධනා කරනවා. ඒ වගේම මහජන 4:31 බැංකුවේ හොට්ලයින් නම්බර් එක 1961 4:34 තියෙනවා. ඔබට පුළුවන් 1960කට කෝල් එකක් 4:37 අරගෙන මේ පිළිබඳව වැඩදුරටත් තොරතුරු 4:39 දැනගන්න. එහෙනම් වීඩියෝ එක පොළන් තරම් 4:41 ශේර් කරන්න තවත් කට්ටියකට මේ ගැන දැනුවත්,test,youtube_whisper,293
instance/youtube_audio/XKJ8umpCEbg.wav,"0:00 විශ්වාස කරන්න පුළුවන්ද [සංගීතය] බැංකු 0:02 පොලිය 115ක 16ක මට්ටමේ තියෙන වෙලාවක ඔබට 0:06 තවමත් සියහ.5ක 0:09 වැනි අතිශය අඩු ඇදහිය නොහැකි පොලි 0:12 අනුපාතයකට බැංකු වුණයක් ගන්න පුළුවන් 0:14 කිව්වොත් මම අද වීඩියෝ එකෙන් කියනවා ඒ වගේ 0:17 ඉතාම අඩු පොලියට බැංක වුණය ලබාගන්නේ 0:20 කොහොමද කියලා. ඉතින් ඔයාට ඉතාම අඩු පොලියට 0:23 බැංක වුණයක් ලබාගන්න ඕනේ නම් මේ වීඩියෝ එක 0:26 තත්පරයක්වත් මග හෙරගන්න එපා. මේ වීඩියෝ එක 0:29 බලන්න පටන් ගන්න කලින් ලයික් එකක් දාලාම 0:31 බලන්න පටන් ගන්න කියලා ආදරෙන් ඉල්ලා 0:33 සිටිනවා. මේක ශ්‍රී ලංකා රජයයි බැංකුයි 0:37 එකතු වෙලා කරන වැඩක්. මේ සහනදාී ක්‍රම 0:40 යටතේ එක්කෝ ඔයාට නිවසක් මිලදී ගන්න, 0:43 නිවසක් හදන්න, ඉඩමක් මිලදී ගන්න වගේම 0:46 ව්‍යාපාරයක් පටන් ගන්න ඕනත් ණය මුදල් ඉතාම 0:49 අඩු පොලියට ලබා දෙනවා. එහෙනම් මෙන්න 0:51 විස්තරය. මුලින්ම බලමුඑන්එස්බී බැංකුවෙන් 0:54 දෙන ෆස්ට් හෝම් ලෝන් එක ගැන. ඔබ ඔබේ පළමු 0:58 නිවස මිලදී ගන්න හෝ ඉදි කරන්න බලාපොරොත්තු 1:00 වෙනවා නම් රුපියල් මිලියන පහක් දක්වන් අය 1:03 මුදලකට අය කරන්නේ 6.75ක 1:07 ඉතාම අඩු පොලියක් පමණයි. මෙහි විශේෂත්වය 1:10 තමයි [සංගීතය] මුල් වසර තුන සඳහා මේ පොලිය 1:12 ස්ථාවරව පවතිනවා. ඒ කියන්නේ පළවෙනි 1:15 අවුරුදු තුන ඇතුලත ලංකාවේ පොලිය වැඩි 1:18 වුණත් අඩු වුණත් ඔයා ගත්ත ණය මුදලට අදාල 1:21 පොලි අනුපාතිකය වෙනස් වෙන්නේ නැහ. 1:23 සාමාන්‍ය හවසින් ලෝන් පොලිය 100ත් පහළවත් 1:26 අතර පවතින කාලෙක මේක ඔබට ලැබෙන ලොකුම 1:29 සහනයක්. ඊළඟට ඔබ සුළු හෝ මධ්‍ය පරිමාණ 1:32 ව්‍යාපාරිකයෙක් නම් ආසියානු සංවර්ධන 1:35 බැංකුවේ හෙවත්බී ප්‍රතිපාදන යටතේ 1:38 ක්‍රියාත්මකඑස්එම්ලස 1:40 බිසනස් ලෝන් එක ගැන දැනගන්නම වුණේ. 1:42 [සංගීතය] නිෂ්පාදනාය කෘෂි කර්මය හෝ අපනයන 1:46 ක්ෂේත්‍රයේ ව්‍යාපාර සඳහා ස්වජීවම සියක 1:49 පොලිකට මේ ණය ලබාගන්න පුළුවන්. ඒ වගේම 1:53 රුපියල් ලක්ෂ500ක් දක්වා විශාල ණය මුදලක් 1:56 මේ ක්‍රමය යටතේ ලබාගන්න [සංගීතය] පුළුවන්. 1:58 හැබැයි මතක තියාගන්න නිෂ්පාදන සහ සේවා 2:01 ව්‍යාපාර වලක විතරයි මේ ක්‍රමයෙන් ණය මුදල 2:04 ලබා දෙන්නේ. භාණ්ඩ මිලදී අරගෙන විකුණන 2:06 ව්‍යාපාර වලට [සංගීතය] ඒ කියන්නේබයින් 2:08 ඇන්ඩ් සෙලි් බිසනස් වලට මේක ගන්න බැහ. 2:11 ලංකාව බැංකුව, මහජන බැංකුව හෝඩීඑෆසීසි 2:14 බැංකුවෙන් මේ ගැන අහලා ඔයාලට වැඩි විස්තර 2:17 දැනගන්න පුළුවන්. ඊළඟට වයස අවුරුදුට අඩු 2:21 තරුණ ව්‍යාසයකයන් වෙනුවෙන් ලංකා බැංකුව 2:23 හඳුන්වා දීති තුරුණු දිරිය නොය යෝජනා 2:26 ක්‍රමයේ පොලිය පවතින්නේ 107ත්9මත් වගේ ඉතා 2:30 අඩුමට්ටමකයි. මෙහි විශේෂත්වයා තමයි 2:33 ඇපකාරන් සම්බන්ධ කොන්දේසි ඉතාම ලිහිලිවීම. 2:36 ඔයාට බැංකු උන මුදලක් ලබාගන්න දේපල ඇපයක් 2:39 ලබා දෙන්න බැරිනම් මේ ක්‍රමය ඉතාම 2:41 ප්‍රයෝජනවත් මොකද පෞද්ගලි කෑප වලට මේ ණය 2:44 මුදල ලබාගන්න පුළුවන්. තවත් ඉතාම අඩු 2:47 පොලියට ලබා දෙන ණය මුදල් වර්ගයක් තියෙනවා. 2:50 පොකනට්, වී වගාව හෝ පසු සම්පත් වැනි 2:52 කෘෂිකාර්මිකාංශය සඳහා සියඩ අටක සහන පොළියට 2:56 ණය ලබා දෙනවා. මෙහි තියෙන ලොකුම වාසිය 2:59 තමයි මාස 12 සිට 18 දක්වල් ලැබෙන සහන 3:02 කාලය. ඒ කියන්නේ ඔයාට වගාව පටන් අරගෙන 3:05 ඒකෙන් පළදාව ලබාගන්නකල් ණය මුදලේ පොලිය 3:08 විතරක් ගෙවලා සහන කාලයක් ලබාගන්න පුළුවන්. 3:11 වගාවෙන් ආදායම ලැබිනතුරු ඔබට ණය මුදලේ 3:14 මූලික මුදල ගෙවන්න අවශ්‍ය නෑ. අවසාන 3:17 වශයෙන් ඔබේ විදලි බිලලා අඩු කරගන්න සෝලර් 3:19 සිස්ටම් එකක් සවි කරන්නත් දැන් අඩු පොලී 3:22 ණය තියෙනවා. මහජන බැංකුව හා එඑස්බී හරහා 3:26 110ත්.5ත් 3:28 අතර පොකට මේ ණය ලබාගන්න පුළුවන්. මතක 3:31 තියාගන්න මේ හැම ණය ක්‍රමයක්ම සීමිත 3:34 ප්‍රතිපාදන් වට ක්‍රියාත්මක වෙන්නේ. ඒ 3:36 හින්දා ඉක්මන් වෙන අයට තමයි මේකෙන් වැඩක් 3:38 කරගන්න පුළුවන් වෙන්නේ. ඒ නිසා අදම ඔබේ 3:41 ලගම තියෙන බැංකු ශාඛාවකට ගිහිල්ලා වැඩි 3:43 විස්තර දැනගන්න. මේ වගේම වැදගත් තොරතුරු 3:46 දිගටම දැනගන්න අපේ චැනල් එක සබ්ස්ක්‍රයිබ් 3:49 කරන්න. ඒ වගේම වීඩියෝ එකට ලයික් එකක් 3:51 දාන්න කියලා ආදරයෙන් ඉල්ලා සිටිනුවා. 3:53 එහෙනම් මේ වගේම වීඩියෝ එකටින් හමුවෙමු. 3:56 ගිහින් යන්න. ඔයාලා හැමෝටම ජය වේවා.",test,youtube_whisper,242
instance/youtube_audio/Nwvge11tP5U.wav,0:00 ආය බෝවන් සුභ දවසක් වේවා. සාදරයෙන් 0:02 පිළිගන්නවාසි සිංහලඑක්ලයට නාලිකාවට. ඉතින් 0:05 මේ වීඩියෝ එකෙන් මම කතා කරන්නේ සම්පත් 0:07 බැංකුවේ. එහෙම නැත්නම් කමර්ෂල් බැංකුවේ 0:09 මෙන්න මේ බැංකු දෙකෙන් එකක ඔයාලා මනිමාගට් 0:11 එකවුන්ට් එක දානවද එහෙම නැත්නම් පක්ෂ 0:13 ඩිපොසිට් එකක් දානවද? ඉතින් මෙන්න මේ 0:16 ආයෝජන ක්‍රම දෙකෙන් ඔයාට ගැලපෙන්නේ වඩාත්ම 0:19 මොන ආයෝජන ක්‍රමය ගැනද කියලා තමා මේ 0:20 වීඩියෝ එකෙන් කතා කරන්නේ. ඉතින් එතකොට 0:22 දැන්ම අනිමාකට්ස්ථාවර්තම්පතු තියෙනවා 0:24 මෙන්න මේ බැංකු දෙකේ. සම්පත්ත එකේ සහ 0:26 කමර්ෂල් එකේ දෙකේම තියෙන නිසා මම මේ බැංකු 0:29 දෙක පාදක කරගෙන තමා මෙන්න මේ විදියට මේ 0:31 වීඩියෝ එක හදලා තියෙන්නේ. ඉතින් එතකොට මම 0:33 මුලින්ම මේ ඔයලට ඉන්න බලාගන්න 0:34 පුළුවන්කමෂල් බෑන්ක් එකේව වෙබ්සයිට් එක 0:36 ඇතුලේ. ඉතින් අපි බලමු මුලින්ම කොම් 0:38 බෑන්ක් එකේ සහ සම්පත් බෑන්ක් එකේ මුලින්ම 0:40 රේට්ස් ලැබෙන්නේ කොහොමද කියලා. ඉතින් රේට් 0:42 එක බලලා අපි බලමු කොහොමද මෙන්න මේ විදිහට 0:45 අපි මි මාකට් අගවන්ට් එකක් හරි එහෙම 0:46 නැත්නම් fෆd එකක් හරි දානවා නම් අපිට 0:48 මන්ත්ලි පොලියක් ලැබෙන විදිහට අපිට 0:51 වැඩියෙන්ම සුදුසු මේ දෙකෙන් ක්‍රමය මුදල් 0:52 ආයෝජනය කරොත්ද කියන කතා මේ වීඩියෝ එකෙන් 0:55 බලමු. එහෙනම් මුලින්ම අපි ගිහිල්ලා බලමු 0:56 රේට්ස් අපිට කොහොමද ලැබෙන්නේ 0:58 කියලා. ඉතින් ඔයාලට බලාගන්න පුළුවන් දැන් 1:01 මම ඉන්නේ මේ කමර්ෂල් බෑක්ුවේ වෙබ්සයිට් එක 1:03 ඇතුලේ. ඉතින් මෙයාලගේ වෙබ්සයිට් එකේ 1:05 මුලින්ම පහළට යනකොට ඔන්න බලාගන්න පුළුවන් 1:07 මනිකට් අඇහුන්ටස් කියලා මෙන්න මේ විදියට 1:09 සඳහන් කරලා තියෙනවා. ඉතින් අපි පල්ලට 1:12 ගිහිල්ලා බලමු මුලින්ම ඔයාලගේ රේට් එක 1:13 ලැබෙන්නේ කොහොමද කියලා. ඉතින් ඔන්න 1:15 ඉන්ටරස් රේට් එක දාලා තියෙනවා 6.5යි. 1:18 ඉතින් මේ පොලි අනුපාතයේ 6.5 තමා ගිය 1:22 සතියෙත් තිබුණේ. මේක සතියෙන් සතිය අප්ඩේට් 1:24 වෙනවා. ඉතින් එනවා මේ සතියට අප්ඩේට් එකක් 1:26 වෙලා නැහැ. 6.5 රේට් එකම තමා තාම 1:29 පවතින්නේ. ඉතින් මෙයාලගේ මිම ඉනීනිෂල් 1:31 ඩිපොසීට් එකත් මෙතනදි මතක් කරන්න ඕනේ. 1:33 කමර්ෂල් එකේ අනිවාර්යයෙන්ම රුපියල් ලක්ෂයක 1:35 මුදලක් මිම ඉනෂල් ඩිපොසිට එක විදිහට අපි 1:38 තැන්පත් කරන්න ඕන. රුපියල් ලක්ෂ්‍යට වඩා 1:40 අඩු වුනොත් මේ පොලි අනුපාතිකය මෙන්න මේ 1:42 6.5 පොලි අනුපාතිකේසීර 2.5 දක්වා. එහෙම 1:46 නැත්නම් දෙක වගේ පොලි අනුපාතිකයක් දක්වා 1:48 පහළ වැටෙනවා. කමර්ෂල් බැන්කු මම දන්න විතර 1:51 2.5 දක්වා නෝමල් සේවින් අකන්ට් එක දක්වා 1:54 පහල වැටෙනවා. ඔයාගේ අකන්ට් එකේ තියෙන මුදල 1:56 රුපියල් ලක්ෂ අඩු වුනොත්. ඒ නිසා නිතරම 1:58 අපි බලන්න ඕනේ රුපියල් ලක්ෂ වඩා වැඩි 2:00 තියාගෙන කරන්න ඩිපොසිට් කරන්න. ඒ දේවල් 2:03 කරන්න පුළුවන් fඑෆඩ එකක් වගේ නෙවෙයි. 2:05 ඉතින් ඒක තමා මේකේ තියෙන ප්‍රධාන වාසිය. 2:07 අපි දැන් බලමු සම්පත් බැංකුවේදී කොහොමද 2:09 රේට් එක ලැබෙන්නේ කියලා. ඊට පස්සේ අපි 2:11 බලමු මෙන්න මේ ස්ථාවර තැම්පතුව එහෙම 2:13 නැත්නම් මනිමාගට් මෙන්න මේ ආයෝජන ක්‍රම 2:15 දෙකේ අපි මුදල් ආයෝජනය කරන්න ඉන්නවා නම් 2:18 අපිට වඩාත්ම සුදුසු කුමන ආයෝජන ක්‍රමයද 2:21 කියලා. හරි දැන් මම ඉන්නේ සම්පත්ෑං එකේ 2:24 වෙබ්සයිට් එක ඇතුලේ. ඉතින් සම්පත්ෑං එකේ 2:26 ඔයාල බලාගන්න පුළුවන් අනිමාකට රේට් එක අ 2:30 2025ම 5 ඉතින් දවස්දකට විතර කලින් මෙන්න 2:33 මේ විදිහට අප්ඩේට් වෙලා තියෙනවා. අ එතකොට 2:36 මේ සතියට අදාලව රේට් එක තමයි ඔයාලට මේ 2:37 බලාගන්න පුළුවන් වෙන්නේ. 6.5ක් පහක් 2:40 විදිහට තමා මේ සතියෙත් රේට් එක සඳහන් 2:42 වෙන්නේ. ඉතින් මේ බලාගන්න පුළුවන් 2:43 පැහැදිලිවොම මැලක රේට් එක අප්ඩේට් කරලා 2:45 තියෙනවා 2025 මැහි පස්වෙනිදා. ඉතින් එතකොට 2:48 ඩේ එන් බැලන්ස් එක රුපියල් ලක්ෂ5ක් 2:49 තිබ්බොත් දිනය අවසන් වෙනකොට ඔයාගේ එකේ 2:52 ලක්ෂ පහක් තිබ්බොත් මෙන්න මේ 6.5 රේට් එක 2:55 වට ලැබෙනවා. අ එහෙම නැත්නම් අ රුපල් 2:59 499 ව්‍යයක්. ඒ කියන්නේ මේ රුපියක් ලක්ෂ 3:01 පහට වඩා එක රුපියලක් හරි අඩු වුනොත් එක 3:04 සතයක් හරි අඩු වුනොත් පොඩි අනුපාතයකේ දෙක 3:06 දක්වා පහළ වැටෙනවා. ඉතින් මෙන්න මේ නිසා 3:08 තමා මේ අනිවාර්යයෙන්ම මෙයාලාගේ මේඉනෂල් 3:10 ඩිපොසීට් එක අපි හෝ හෝල්ඩ් කරලා තියාගන්න 3:12 ඕනේ අපකවුන්ට් එකේ. ඊට පස්සේ අපිට පුළුවන් 3:14 ඩිපොසීට් එහෙම නැත්නම් කරන්න. මේ මිනිම 3:17 ඩිපොසීට් එක අනිවාර්යෙන් අපි අකන්ට් එකේ 3:19 තියාගෙන ඉන්න ඕනේ. එතකොට තමා මේ 6.5 පොලිය 3:22 ලබාගන්න පුළුවන්. එතකොට අපි දැන් බලමු 3:25 දැන් සම්පත් බැංකුව හරි එහෙම නැත්නම් 3:26 කමර්ෂල් තව තියෙනවා 3:28 hඑසොරි පෑන්ಷia ඉතින් මෙන්න මේ වගේ 3:31 බැංකුවල ඔයාලට පුළුවන් අනිමාගට් 3:32 accountන්ට් ආරම්භ කරන්න. ඉතින් මේ කොයි 3:34 එකේ ආරම්භ කරත් සමාන පොලි අනුපාතික තමා මේ 3:37 දිනවා ලැබෙන්නේ 6.5 වගේ පොලි අනුපාතික 3:39 එහෙනම් අපි බලමු අපි වර්ෂයකට වගේ කාලයකට 3:42 ෆික්ස් ඩිපෝසීට් එකක් දාලා මන්ත්ලි ගන් 3:45 එකද හොඳ නැත්නම් මෙන්න මේ විදියට 3:47 මිකට්වන්ට් එකක් දාලා මන්ත්ලි පොලිය ගන්න 3:50 එකද හොඳ කියලා. එතකොට මුලින්ම අපි බලන්න 3:52 ඕනේ මේ කාරණාව විග්‍රහ කරනකොට මේ දෙකේ 3:55 තියෙන වාසී අවාසිය. දැන් ස්ථාවරතම් 3:57 පපතුවක් ගත්තොත් ස්ථාවරතම්පතුවේදී අපිට 3:59 අපි වර්ෂයකට වගේ තමා අපිට fඑෆ්ඩ එක දාන්න 4:02 වෙන්නේ. වර්ෂයකට fඑෆ්ඩ එක දාලා අපිට 4:04 මන්ත්ලි පොලිය ලබාගන්න පුළුවන්. හැබැයි 4:06 මිමාට් එකන්ට් එකදී අපිට ඒ විදිහමයි 4:09 මන්ත්ලි පොලිය ලැබෙනවා. හැබැයි අපිට 4:11 වර්ෂයකවය කාලයක් අපේ මුදල අ මැච්චුරටි 4:14 එකදි ගලවගන්නකන් බලන් ඉන්න අවශ්‍ය නැහැ. 4:17 ඒක පැහැදිලිව කිව්වොත් ඔයාට මැනි මාකට් එක 4:19 අකවන්ට් එකක් දැම්මට පස්සේ ඔයාට ඕන වෙලාවක 4:22 ඔයාගේ මුදල අකන්ට් බැලන්ස් එකීරෝ වෙනකම් 4:24 ඔයාට මුදලර කරන්න පුළුවන්. ඒ වගේම පොලි 4:27 මන්ත්ලි කරන්නත් පුළුවන්. හැබැයි ෆික්ස් 4:29 ඩිපෝසීට් එකත් දැම්මොත් ඔයාට මැචුරටි 4:31 එකේදී විතරයි ඔයාගේ බැලන්ස් එක සීරෝ වෙන්න 4:34 මුදල ලබාගන්න පුළුවන් වෙන්නේ නැහැ. එහෙම 4:36 නැත්නම් ඔයාට මන්ත්ලි පොලිය විතරයි 4:38 ලබාගන්න පුළුවන් වෙන්නේෆික්ස් ඩිපෝසීට් 4:39 එකත් දැම්මොත්. ඉතින් ඔන්න ඕක තමා මේ දෙකේ 4:42 ප්‍රධාන වෙනස. 4:43 දැන් අපි බලමු සම්පත් බැංකුවේ මෙන්න මේ 4:46 චාට් එක පාදක කරගෙන අපිට කොහොමද පොලි 4:48 අනුපාත වලට මෙන්න මේ මුදල් ලැබිලා 4:50 තියෙන්නේ 4:51 කියලා. හරි දැන් මම ඉන්නේ මගේ 4:53 කැලකියුලේation ඇප් එක වලට බලාගන්න 4:55 පුළුවන්. ඉතින් මම මුලින්ම රුපියල් ලක්ෂ 4:57 පහනේ මේ සම්පත් බැන් එකේ මිම්ම ඩිපොසිට් 5:00 එක. ඒ නිසා මෙන්න මේ විදට රුපියල් ලක්ෂ 5:02 පහක වගේ මුදලක් ඩිපොසිට් කරගන්නවා. එතකොට 5:05 සම්පත් බෑන්ක් එකෙන් අපි මුලින්ම බලමු මනි 5:07 මාකට් අකන්ට් එකක් වගේ දැම්මොත් අපිට 5:09 මන්ත්ලි කීයක් එනවද කියලා. ඊට පස්සේ අපි 5:11 බලමු මේ රුපල් ලක්ෂප මුදලටම අපි එකක් 5:14 දැම්මොත් අපිට මන්තල කීයක් එනවද කියලා. 5:16 ඉතින් මුලින්ම 6.5ක් ලැබෙන්නේ මනි මාකට් 5:18 එක නිසා. මම මෙන්න මේ විදිට 6.5ෙන් 5:21 දාගන්නවා ලක්ෂපට එතකොට රුපියල් 32500ක 5:24 පොලිම් මුදලක් ලැබෙනවා. දැන් මේ පොලිම් 5:26 මුදල වර්ෂයකට ලැබෙන පොලිම් මුදල නිසා අපිට 5:28 12න් බෙදන්න පුළුවන්. එතකොට රුපියල් 2708ක 5:31 මුදලක් තමා අපිට ලැබෙන්නේ ලක්ෂ පහකට. ඒ 5:33 කියන්නේ ලක්ෂ5ක් වයා අනිමාගට් කවන්ට් එකක් 5:35 විදිට දැම්මොත් ඔයාට මන්ත්‍රීපයල් 2708ක 5:39 වගේ පොලියක් ලබාගන්න පුළුවන්. අ මේකේ 5:42 මැචුරටි එකක් නැහැ. මේකේ කල්පිරීමක් නැහැ. 5:44 මොකද මනි මාගට් එක ඔයාට දීර් කාලයනුම 5:46 දාගෙන ඉන්න පුළුවන් මෙන්න මේ පොලිය 5:47 ලබාගන්න ගමන්. මේ රුපියල් 2700ට ලබාගන්න 5:51 ගමන්. දැන් අපි බලමු අපි රුපියල් මේ 5:54 ලක්ෂ්‍ය පහේ මුදලම අපි අනිමාගට් එකේ 5:56 දාන්නේ නැතුව ස්ථාවර්ත සම්පතුවක දානවා 5:58 කියලා එතනදී අපිට අර්ෂයකට තමා අපි මේ fඑෆd 6:02 එක දාන්නේ. දාලා මන්ත්ලි ගන්න හදන්නේ. 6:04 එතකොට අපිට ලැබෙනවා සම්පත්කෙන්. ඔයාලට 6:06 චෙක් කරලා බලන්න පුළුවන්ව වෙබ්සයිට් එක 6:08 7.5ක පොලියක් ලැබෙනවා. ඒ කියන්නේස 1001ක 6:11 වැඩි පොලියක්. ඒ කියන්නේ 1001ක අමතර 6:13 පොලියක් ලැබෙනවා. මනි මාකට් එකට වැඩිය. 6:15 මොකද මනි මාකට් එකේ ලැබෙන්නේ 6.5යි. 6:17 මෙතනදී 7.5ක් ලැබෙනවා. එතකොට රුපියල් 6:20 31.500ක් ලැබෙනවා වර්ෂයකට. දැන් පුළුවන් 6:22 මේ මුදල් අපිට 12න් බෙදන්න. බෙදුවට පස්සේ 6:25 අපිට මන්ත් ලැබෙනවා රුපියල් 6:27 3125ක්. ඉතින් ඔන්න ඔය වගේ වෙනසක් තමා 6:30 අපිට. එතකොට මාගට් එකෙයි. ඒ වගේම මෙන්න 6:32 මේෆික්ස් ඩිපෝසට් එකයි අතර 6:35 තියෙන්නේ. හරි ඔයාලට දැන් මේ බලාගන්න 6:37 පුළුවන් වෙන්නේ අ සම්පත්ෑංක් එකේ මනි 6:40 මාකට් එක අකවන්ට් එකක් හරි එහෙම නැත්නම් 6:41 fd හරි දානවා නම් අපිට ලැබෙන පොලී 6:43 අනුපාතික. ඉතින් බලාගන්න පුළුවන් fඩදී 6:46 7.5යි. අනිමා කට්කදී 6.5යි. එකක වෙනසක් 6:50 තමා තියෙන්නේ. ඒ වගේ මෙන්න මෙතන තියෙන්නේ 6:51 මේ රුපියල් ලක්ෂ 10කට අපිට ලැබෙන පොලිය. 6:54 එතනදි ඔයාලා බලාගන්න පුළුවන් ෆික්ස් ඩෆෝ 6:56 සීට් එකක්. ස්ථාවරම් පතුවක් දානවා නම් 6:58 රුපියල් 6:59 6250 පොලිම් මුදලක් ලැබෙනවා රුපියල් 10 7:03 වගේ මුදලක් ඩිපොසිට් කළොත්. හැබැයි මනි 7:05 මාකට් එක අකන්ට් ලක්ෂ10ක් හෝ හල්ඩ් කරොත් 7:07 අපිට ලැබෙන්නේ රුපියල් 7:09 5416යි. ඒ කියන්නේ මෙන්න මේ දෙක අතර වෙනස 7:12 රුපියල් 800ක වගේ වෙනසක් තමා තියෙන්නේ. 7:15 ඉතින් මෙන්න මේ රුපියල් 800 වාසිය ලබාගන්න 7:17 ඕන නම් අපිට පුළුවන් එක් අවුරුද්දකට fඑෆ්ඩ 7:20 එකක් දාලා මන්ත්ලි පොලිය ගන්න එහෙම 7:22 නැත්නම් අපිට විඩ්‍රන්න එහෙම නැත්නම් 7:25 හදිසි මුදල් අවශ්‍යතාවයන් තියෙන කෙනෙක් 7:27 නම් ඔයාට පුළුවන් ඔයාලාගේ බිසනස් එකකට වගේ 7:29 මුදල් ආයෝජනය කරන ගමන් වීඩ්‍රෝ කරන්න ඕන 7:31 නම් ඔයාට පුළුවන් මිමාගට් එකන්ට් එක දාන්න 7:33 එතනදී මන්ත්ලි රුපියල් 800ක් අඩුවෙන් 7:35 ලැබෙන්නේ මෙන්න මේ ෆික්ස් ඩිපෝසිට් එකට 7:37 වැඩිය එතනදිවලට රුපියල් 7:39 541 වගේ පොලි මුදලක් ලබාගන්න පුළුවන් 7:42 මෙන්න මේ fඩ එකෙන් ලැබෙන මුදලට වැඩිය මම 7:44 මේ කතා කරේ රුපියල් ලක්ෂ 10ක් සඳහා. එතකොට 7:47 මේ මුද්ද වැඩි වෙනකොට මෙන්න මෙතන තියෙන 7:49 ගැප් එක වැඩි වෙනවා. හරියටම කිව්වොත් මේ 7:51 ලක්ෂ 10ට මෙතන ගැප් එක රුපියල් 800යි. 7:54 මෙන්න මේ ගැප් එක රුපියල් 120ක් වුනොත්. ඒ 7:56 කියන්නේ මෙතන අපි කතා කරේ ලක්ෂ 10කට ලැබෙන 7:58 මුදලා අපි 20කට ගණන් හදලා බැලුවොත් මෙන්න 8:01 මෙතන ගැප් එක රුපියල් 1600 Yයි ගැප් එකක් 8:03 එනවා. ඉතින් ඔයා තැන්පත් කරන මුදල ඔයාගේ 8:06 කවුන්ට් එකේ තියෙන මුදල වැඩි වෙන්න වැඩි 8:07 වෙන්න මෙන්න මේ දෙක අතර තියෙන ගැප් එකත් 8:09 වැඩි වෙනවා. ඉතින් මම හිතනවා වීඩියෝ එක 8:11 වැදගත් වෙන්නේ නැති. ඉදිරියේදී අප්ඩේට් 8:13 කරන තොරතුරු දැනගන්න ස්ථාවරතබුදු පොලි 8:15 අනුපාතකන නිසා සහ ආර්ථික මේ තොරතුරු 8:17 දැනගන්න අපේයටියුබ නාලිකාවත් එක්ක සම්බන්ධ 8:19 වෙන්න කියලා මතක් කරනවා. ඉන් චැනල එක 8:20 සබ්ස්ක්‍රයිබ් කරලා එකතු වෙන්න ආයත් මේග 8:22 වීඩියෝ එකෙන් ආම වතුර ගිහින් එන්න සියලු 8:24 දෙනාටම ජය වේවා,test,youtube_whisper,506
instance/youtube_audio/GEiYZ6OtDo4.wav,0:00 හොඳයි ඉතින් කෘෂ නියස් සමඟ සිටින්නේ අපේ 0:01 ආදරණී හිතුවනි. ඔන්න ඔබට සියහේ පොඩියට 0:05 කෘෂිකාර්මික ක්ෂේත්‍රයෙන් ජීවිතය සාර්ථක 0:08 කරගන්න කෘෂි ව්‍යාපාරයක් ආරම්භ කරන්න. ඒ 0:10 වගේම ඔබ පවත්වාගෙන යන කෘෂි ව්‍යාපාරය 0:12 වැඩිදු කරගන්න අවස්ථාවක් උදා වෙලා 0:14 තියෙනවා. ඒ ගැන තමයි ඉක්මනින්ම තොරතුරු 0:16 කියන්න බලාපොරොත්තු වෙන්නේ. හරි එහෙනම් 0:18 මෙහෙමයි තොරතුරු සඳහන් වෙන්නේ. කෘෂිර්ම 0:20 ක්ෂේත්‍රය නිරත වන ඔබට දැන් විශේෂ 0:22 අවස්ථාවක් අඩු පොලී කෘෂිමික ණය යෝජනා 0:25 ක්‍රමයක් කෘෂිකර්ම පශුසම්ප ඉඩම් සහ වාරි 0:28 මාර්ග අමාත්‍යංශය සහ සංවර්ධන මූල්‍ය 0:31 දෙපාර්තමේන්තුව ඒක අබද්ධව තිරසර කෘෂි 0:35 වැඩසටහන fඑෆ්එස්එස්පී වැඩසස්ටහන යටතේ තමයි 0:39 මේ ණය වැඩසටහන ක්‍රියාත්මක කරන්නේ. මේ 0:42 යටතේ කෘෂිකාර්මික ණය යෝජනා ක්‍රමය 0:46 මේ වෙනකොට ආරම්භ කරලා ක්‍රියාත්මක වෙනවා. 0:49 ඉතින් මේ ණය ක්‍රමය සුවිශේෂීය වෙන්නේ 0:53 මේකෙදී 105ක පොලියක් තමයි වාර්ෂික පොලියක් 0:56 තමයි අ කිරීම සිද්ධ වෙන්නේ. හරි. මේ යටතේ 1:00 ඔන්න ණය වර්ග දෙකක් ඔබට ලබාගන්න පුළුවන් 1:02 ආකාර දෙකකට නය ලබාගන්න පුළුවන්. පළවෙනි එක 1:05 තමයි පුද්ගලික ණය. ඒ යටතේ රුපියල් මිලියන 1:09 පහක් දක්වා ඔබට ණය ලබාගන්න පුළුවන්. ඒ 1:11 වගේම ගොවි කණ්ඩායමක් විදිහටත් ඔබට නය 1:14 ලබාගන්න අවස්ථාව තියෙනවා. ඒ කණ්ඩායමක් 1:17 විදිහට ලබාගන්නකොට එක සාමාජිකයෙකුට ලක්ෂ 1:20 පහක් දක්වා තමයි ණය ලබාගන්න අවස්ථාව ඉඩකඩ 1:23 උදා වෙන්නේ. ඊට පස්සේ ණය ලබාගත හැකි 1:26 ශ්‍රේෂ්ඨ ඒකත් ඔබට වැදගත්. ණය ලබාගත හැකි 1:29 ශ්‍රේෂ්ඨ විදියට තියෙනවා කෘෂිකාර්මික 1:31 වගාවන් ඒ වගේම කෘෂිකාර්මික උපකරණ යන්ත්‍ර 1:34 සූත්‍ර වලදීගන්න. ඒ වගේම ආහාර සැකසීමේ 1:36 තාක්ෂණයට ඔබට මේ නය ලබාගන්න පුළුවන්. ඊට 1:39 අමතරව හරිත තාක්ෂණ භාවිතය ආනයනය ඒ වගේම 1:44 අපයනය අරමුණු කරගත්ත කෘෂි ව්‍යාපාර 1:47 වෙනුවෙන් මේ අය ලබාගන්න පුළුවන් පසු 1:49 සම්පත් සංවර්ධනය ඊට අමතරව මරදියවර 1:53 කර්මාන්තය සහ කෘෂි සංචාරක ක්ෂේත්‍රය 1:57 ඇග්‍රටරිසම් මෙන්න මේ ක්ෂේත්‍ර සඳහා තමයි 1:59 ඔබට මේ ණය මුදල් ලබාගන්න හැකියාව 2:02 තියෙන්නේ. ඒ වගේම තමයි ඔබේ ගොවි තතැන් 2:05 කටයුතු සහ කෘෂ්‍ය ව්‍යාපාර කටයුතු පොළුල් 2:08 කිරීමට හෝ ඔබට අලුතෙන් ව්‍යාපාරයක් ආරම්භ 2:12 කරන්න මේ ණය මුදල ලබාගන්න අවස්ථාව 2:14 තියෙනවා. ඉතින් මේක සීමිත අවස්ථාවක් 2:17 ඇප්ලයි කරන අනුපිළිවලට තමයි ණය මුදුර ලබා 2:19 දෙන්න කටයුතු කරන්නේ. ඉතින් මේ සම්බන්ධව 2:22 වැඩිදුරටත් තොරතුරු ඔබට ලබාගන්න පුළුවන් 2:24 කෘෂිකර්ම පසු සම්පත් ඉඩම් සහ වාර්ය මාර්ග 2:27 අමාත්‍යාංශයේ නිලැබ් වඩවියෙන් මම ඒකට 2:30 ලින්ක් එකක් දානවා. ඒ ලිනක් එක ක්ලික් 2:32 කරලා ඔබට වෙබ්සයිට් එකට ගිහිල්ලා තොරතුරු 2:34 ලබාගන්න පුළුවන්. ඒ වගේම මේකට අදාල වය 2:36 දුම් පත ඔබටන්ික් ඩවුන්ලෝඩ් කරගන්න 2:39 පුළුවන්. මම ඒකටත් ලිනක් එක 2:40 දානවාඩිස්ක්‍ිප්ෂන් එකට. ඒ වගේම ඔබට 2:43 වැඩිදුරටත් තොරතුරු ලබාගන්න දුරකතන අංකයක් 2:45 තියෙනවා ඒ තමයි 0 1ද3යි 2:49 4යිද 2:51 මෙන්න මේ දුරකතන අංකයන් ඔබට වැඩිදුරටත් 2:53 තරතුරු දුරු ලබාගන්න පුළුවන්. එහෙනම් 2:55 වීඩියෝ එක පුළුවන් තරම් ෂෙර් කරන්න ආදරෙයි 2:57 ඔබ සියලුම දෙනාට. Ja.,test,youtube_whisper,178
